"species","model","origin","lead","target","true_y","pred_y","sd_pred","logs","logs_lim","crps"
"GREG","p",2000,1,2001,5154,6943.65057,51.7044566955647,Inf,14.1289847039393,1760.4815602799
"GREG","p",2000,2,2002,11067,7150.00576,43.751959375117,Inf,13.9724156432477,3892.3094788558
"GREG","p",2000,3,2003,9025,7463.51691,72.7030861204613,Inf,14.4695891778454,1520.4612984211
"GREG","p",2000,4,2004,9040,8747.06996,68.0491430692343,14.556096203248,13.7860159248282,254.535631765
"GREG","p",2000,5,2005,4256,8965.73039,93.2278516043947,Inf,14.7231919366443,4657.1590101799
"WHIB","p",2000,1,2001,17262,52703.47498,413.419690354007,Inf,16.2192371617233,35208.2100468386
"WHIB","p",2000,2,2002,32530,7767.50033,54.1124281606353,Inf,14.1853376404904,24731.9678544187
"WHIB","p",2000,3,2003,12533,1859.23194,23.3720826281884,Inf,13.3606141021417,10660.5763537224
"WHIB","p",2000,4,2004,30459,27435.87699,217.896853738021,Inf,15.5725311443443,2900.1987841441
"WHIB","p",2000,5,2005,17143,3422.22943,41.9686919689684,Inf,13.9202298900772,13697.0898356143
"WOST","p",2000,1,2001,1861,2395.58641,100.626889105348,96.0835157141282,14.799104003062,477.8759906925
"WOST","p",2000,2,2002,1461,298.75536,12.8871871277762,Inf,12.7280915433982,1154.9830479702
"WOST","p",2000,3,2003,1550,438.84025,24.2618638261339,Inf,13.3868286590847,1097.4896764799
"WOST","p",2000,4,2004,834,411.48606,18.7664937452172,Inf,13.1221481090989,411.9303112426
"WOST","p",2000,5,2005,273,668.92152,53.4910320875821,655.062508078796,14.1673355034241,365.7971161926
"GREG","nb",2000,1,2001,5154,8000.60912,1083.86772438581,12.4224262972293,12.4137854530413,2238.9602599132
"GREG","nb",2000,2,2002,11067,7398.85246,801.231859524367,15.0087640387733,14.8642872024391,3218.0586959752
"GREG","nb",2000,3,2003,9025,7195.38055,1124.65842048923,9.31668601177625,9.31631866696192,1280.5258337723
"GREG","nb",2000,4,2004,9040,9728.26133,1379.62894151898,8.17072795403986,8.17067788985439,421.8285492819
"GREG","nb",2000,5,2005,4256,8943.12802,1528.38432373448,16.340403954993,16.0689879589024,3833.6228897132
"WHIB","nb",2000,1,2001,17262,78738.79569,41476.9226378595,13.650602954201,13.649703999216,39879.4858264907
"WHIB","nb",2000,2,2002,32530,12152.54731,4985.74096375968,13.9304661038926,13.92120889696,17733.5174217045
"WHIB","nb",2000,3,2003,12533,3453.35809,2147.92406026359,13.0673242493327,13.0571378729545,8026.7530517435
"WHIB","nb",2000,4,2004,30459,50476.56961,28172.8453798569,10.8350149846598,10.8349339224647,9018.0549951191
"WHIB","nb",2000,5,2005,17143,7337.01356,5033.53619227697,11.5486029415136,11.5476045573749,7845.8848997316
"WOST","nb",2000,1,2001,1861,2176.659,757.295341410035,7.4155819211335,7.41549296633777,186.823223031
"WOST","nb",2000,2,2002,1461,244.56025,92.9456511025561,Inf,14.6398103277053,1166.2073667237
"WOST","nb",2000,3,2003,1550,392.42994,189.370869525539,12.4602314321306,12.4030505764927,1058.4443944028
"WOST","nb",2000,4,2004,834,262.60415,109.906265456749,11.3874695488461,11.3545685862262,512.7930320313
"WOST","nb",2000,5,2005,273,677.90693,473.019905359472,6.73936318041913,6.73927513378488,189.6847979651
"GREG","p",2001,1,2002,11067,6730.61413,39.7794796146592,Inf,13.8651701128941,4313.9334515857
"GREG","p",2001,2,2003,9025,7547.69725,75.233908404703,Inf,14.5099987161833,1434.8584065131
"GREG","p",2001,3,2004,9040,7667.60081,49.3341980372121,Inf,14.0900087046524,1344.5633715307
"GREG","p",2001,4,2005,4256,8733.34756,92.9275933048003,Inf,14.7308416407529,4424.9311538062
"GREG","p",2001,5,2006,10126,9056.13632,77.2069525754829,Inf,14.5349933993847,1026.3213811848
"WHIB","p",2001,1,2002,32530,6282.26514,45.4559567407885,Inf,14.0057520635153,26222.0901422002
"WHIB","p",2001,2,2003,12533,2264.28551,28.6579993518244,Inf,13.5324643590684,10252.5477042019
"WHIB","p",2001,3,2004,30459,14652.51851,96.980821867924,Inf,14.7700755225432,15751.7790564265
"WHIB","p",2001,4,2005,17143,3345.3055,42.9239487279973,Inf,13.9553212098884,13773.4931185094
"WHIB","p",2001,5,2006,25322,11886.67542,109.171775897391,Inf,14.8920904731061,13373.6573532484
"WOST","p",2001,1,2002,1461,260.49764,9.10984436327225,Inf,12.4598275568035,1195.3686322228
"WOST","p",2001,2,2003,1550,357.55813,14.595218090423,Inf,12.8393171785085,1184.2085380025
"WOST","p",2001,3,2004,834,352.17597,12.0998201893907,Inf,12.6674669215818,475.0010161627
"WOST","p",2001,4,2005,273,488.36194,27.2876881691296,Inf,13.4942790794248,199.9769445842
"WOST","p",2001,5,2006,1314,423.72731,16.2778573482599,Inf,12.9920874678729,881.0913803661
"GREG","nb",2001,1,2002,11067,6649.27784,671.411391650084,46.9966412117479,16.6950482676441,4040.373595282
"GREG","nb",2001,2,2003,9025,7006.13747,1136.15968169981,9.5957561743689,9.59524085690544,1447.4338646947
"GREG","nb",2001,3,2004,9040,7949.27667,916.97499732281,8.54551066608083,8.54529944712418,704.3141143397
"GREG","nb",2001,4,2005,4256,8257.62666,1422.97678565273,14.4935249113275,14.4421879874688,3206.4937415632
"GREG","nb",2001,5,2006,10126,9212.8339,1336.47036066687,8.46178420914404,8.4616502654776,592.7286279958
"WHIB","nb",2001,1,2002,32530,9064.78997,3689.27917908987,16.056197613768,15.9554665787284,21491.1282379175
"WHIB","nb",2001,2,2003,12533,3288.45241,2278.83074079025,12.8241759150545,12.8162303766369,8168.6890702195
"WHIB","nb",2001,3,2004,30459,27908.55998,13170.5828783937,10.5183972835132,10.5182768458294,3595.8091182622
"WHIB","nb",2001,4,2005,17143,5978.2746,4504.31833087662,12.1588737317238,12.1567187783304,9317.8687503526
"WHIB","nb",2001,5,2006,25322,26126.8528,16003.1624055248,10.5077660676159,10.507659870454,3337.6362422098
"WOST","nb",2001,1,2002,1461,231.7748,72.8982214218349,Inf,14.4166667763911,1189.3970281808
"WOST","nb",2001,2,2003,1550,364.03549,144.95291595528,14.7021291105879,14.176516137685,1108.2247947603
"WOST","nb",2001,3,2004,834,237.22807,67.7824266211286,28.8129480627913,14.3607857889355,559.4950085721
"WOST","nb",2001,4,2005,273,601.81613,339.889061559158,6.66860024073688,6.66849520655003,166.3529282655
"WOST","nb",2001,5,2006,1314,298.74753,106.986407500266,77.937932302794,14.7776801219284,957.3562014747
"GREG","p",2002,1,2003,9025,11544.12244,94.4944075613843,Inf,14.7396235114349,2465.8065044808
"GREG","p",2002,2,2004,9040,9986.00351,52.5340239836685,Inf,14.1433734413914,916.3797269303
"GREG","p",2002,3,2005,4256,13981.12994,119.526588095072,Inf,14.9700520145758,9657.7157732944
"GREG","p",2002,4,2006,10126,13184.26512,88.797583421475,Inf,14.6798001224634,3008.1627629336
"GREG","p",2002,5,2007,5233,15094.06142,115.227350750623,Inf,14.9383033162613,9796.043106116
"WHIB","p",2002,1,2003,12533,13675.35265,141.335874661291,655.143192561058,15.1390133512846,1062.6092772355
"WHIB","p",2002,2,2004,30459,36042.45238,214.554899851731,Inf,15.557838679478,5462.429742059
"WHIB","p",2002,3,2005,17143,22386.88988,243.670929716299,Inf,15.6856755765102,5106.4152426448
"WHIB","p",2002,4,2006,25322,45537.56438,376.252850935769,Inf,16.1233892029332,20003.2835202784
"WHIB","p",2002,5,2007,20761,51753.55559,494.105787089202,Inf,16.3946652399979,30713.8641284705
"WOST","p",2002,1,2003,1550,1630.61537,39.7458977396029,6.67854973643824,6.67779338057821,58.7183261533
"WOST","p",2002,2,2004,834,1003.59076,27.3928050093462,173.856314818381,13.4980066734404,154.1355580414
"WOST","p",2002,3,2005,273,3337.76875,129.265076211778,Inf,15.052212101541,2991.8528723901
"WOST","p",2002,4,2006,1314,1681.11282,45.6874852132469,Inf,14.0096929553821,341.336195831
"WOST","p",2002,5,2007,355,3167.49237,88.324700023886,Inf,14.6736051897808,2762.6774987065
"GREG","nb",2002,1,2003,9025,9011.45991,1347.76599086208,8.14529402234257,8.14519749939546,316.4618420603
"GREG","nb",2002,2,2004,9040,9824.69505,1060.3377254047,8.05253442915974,8.05242230124218,443.8508219755
"GREG","nb",2002,3,2005,4256,11030.31556,1732.96164728554,25.5157662268188,17.6373352560184,5804.141367092
"GREG","nb",2002,4,2006,10126,12101.02038,1605.43050487267,8.92859434425627,8.92841655894589,1194.062751462
"GREG","nb",2002,5,2007,5233,13411.14735,1968.43707384897,54.0663743535712,17.7619836996587,7075.7485256121
"WHIB","nb",2002,1,2003,12533,6312.07935,4088.03430391897,10.899698186013,10.8990743423672,4795.4582536281
"WHIB","nb",2002,2,2004,30459,56216.26525,24965.0630286609,11.1585505990254,11.1584321986739,13660.1118579229
"WHIB","nb",2002,3,2005,17143,13073.77859,8980.30600173215,10.4824062707095,10.4822122555038,3609.7486969005
"WHIB","nb",2002,4,2006,25322,60283.78896,33872.4077820138,11.397783460346,11.3976647913277,18366.6406553806
"WHIB","nb",2002,5,2007,20761,64725.19872,41050.1800388793,11.7262920461792,11.7261505066089,23699.0371590062
"WOST","nb",2002,1,2003,1550,1887.40597,684.998960199294,7.29583347326785,7.29574580663459,181.3879911855
"WOST","nb",2002,2,2004,834,643.11823,216.806000055542,6.98559344487389,6.98539377723616,130.6773810845
"WOST","nb",2002,3,2005,273,5446.28307,2911.21587211253,15.9077495376775,15.7903310605711,3669.5601017339
"WOST","nb",2002,4,2006,1314,1171.30011,447.466655168922,7.23351867412235,7.23339213649454,140.1960399351
"WOST","nb",2002,5,2007,355,3272.34771,1484.89919118566,15.29623819378,15.1770823147317,2132.0412432971
"GREG","p",2003,1,2004,9040,9493.43793,43.1782312156439,Inf,13.9533451013002,429.0877497911
"GREG","p",2003,2,2005,4256,11868.34195,57.6746053631799,Inf,14.2386836211957,7579.8296609155
"GREG","p",2003,3,2006,10126,11994.235,61.7473917052682,Inf,14.3151550834166,1833.3971793054
"GREG","p",2003,4,2007,5233,13455.20493,75.8932116298343,Inf,14.5198510126263,8179.3980777465
"GREG","p",2003,5,2008,2308,15843.41321,97.0858114455647,Inf,14.7700755225432,13480.6398173409
"WHIB","p",2003,1,2004,30459,35410.59874,179.830589391297,Inf,15.3833103330939,4850.1352357138
"WHIB","p",2003,2,2005,17143,21247.22358,146.853461897826,Inf,15.17808192808,4021.3587274132
"WHIB","p",2003,3,2006,25322,44134.7835,284.673170980148,Inf,15.8481215336298,18652.0801630952
"WHIB","p",2003,4,2007,20761,49841.76828,361.132775076777,Inf,16.0810868232425,28877.109677385
"WHIB","p",2003,5,2008,7782,42414.81735,365.350833612425,Inf,16.1014541260669,34426.6316036675
"WOST","p",2003,1,2004,834,996.22,26.0027444979797,205.36008520785,13.4459442173303,147.5573600242
"WOST","p",2003,2,2005,273,3173.71149,76.094630269865,Inf,14.5267383466202,2857.8082849905
"WOST","p",2003,3,2006,1314,1650.7465,40.3859674641289,721.097089872714,13.8863777038204,313.9724784454
"WOST","p",2003,4,2007,355,3080.96954,67.4651260105595,Inf,14.4057377058589,2687.9268921572
"WOST","p",2003,5,2008,145,2088.14499,59.0535325031188,Inf,14.264326051809,1909.8481277441
"GREG","nb",2003,1,2004,9040,9828.07236,929.259479518952,8.02187744515544,8.02175387474647,448.1048112132
"GREG","nb",2003,2,2005,4256,11027.70206,1189.87688189228,196.804523443994,17.2693146216111,6103.129075774
"GREG","nb",2003,3,2006,10126,12089.07307,1296.64281430032,9.20142120493434,9.201132151794,1283.1508867213
"GREG","nb",2003,4,2007,5233,13409.59437,1551.97172812418,179.435726907339,17.5306650607376,7305.0595362397
"GREG","nb",2003,5,2008,2308,14966.00203,1940.14221495849,504.166937666039,17.7500352052234,11570.5079442057
"WHIB","nb",2003,1,2004,30459,61948.2061,25790.1580853302,11.5640077567474,11.5638389046058,18216.9769945788
"WHIB","nb",2003,2,2005,17143,17299.34166,8307.12146920457,9.89948141432698,9.89940549492416,1837.6598346506
"WHIB","nb",2003,3,2006,25322,70707.68892,33922.8837575023,12.2992533848172,12.298975133842,27720.8190489964
"WHIB","nb",2003,4,2007,20761,78018.90658,41027.4861804378,13.015072212076,13.0145865381833,36011.4573476362
"WHIB","nb",2003,5,2008,7782,47257.70943,28083.0053760104,13.3776995544809,13.3766463579898,25177.3201665269
"WOST","nb",2003,1,2004,834,624.85273,187.587492686003,7.06100465635263,7.06075872547896,142.6451396483
"WOST","nb",2003,2,2005,273,4701.5138,1645.08477855363,30.3582529403257,17.520592547444,3535.8315461998
"WOST","nb",2003,3,2006,1314,1111.38445,351.080884079537,7.16671427839913,7.16656712898415,147.8066006003
"WOST","nb",2003,4,2007,355,3009.20443,1079.64044981345,20.4818057649337,17.05841963539,2069.9715715227
"WOST","nb",2003,5,2008,145,2070.35075,930.272560906111,17.1104468982173,16.308916485224,1432.1826228183
"GREG","p",2004,1,2005,4256,11733.78615,52.4806330025268,Inf,14.1433734413914,7448.1867909119
"GREG","p",2004,2,2006,10126,11748.98517,47.6887157743551,Inf,14.0537612827017,1596.0735903217
"GREG","p",2004,3,2007,5233,13166.26499,59.0869268362227,Inf,14.2769048340159,7899.9137365143
"GREG","p",2004,4,2008,2308,15546.50808,82.7174254703226,Inf,14.6222660180544,13191.819365686
"GREG","p",2004,5,2009,13211,17025.02359,96.5346308992868,Inf,14.7651930742637,3759.5313062991
"WHIB","p",2004,1,2005,17143,19948.42612,120.785714195153,Inf,14.9824745345744,2737.314096893
"WHIB","p",2004,2,2006,25322,40454.28823,188.32170704441,Inf,15.4322124663605,15026.0151723761
"WHIB","p",2004,3,2007,20761,45313.94875,240.991111517823,Inf,15.6725305225647,24417.0157579149
"WHIB","p",2004,4,2008,7782,38533.20922,267.459818242919,Inf,15.7809822307922,30600.3233911484
"WHIB","p",2004,5,2009,43415,48727.96092,357.4575066654,Inf,16.0676646882076,5111.252905613
"WOST","p",2004,1,2005,273,3256.94967,75.9081377544257,Inf,14.5247304448196,2941.1141909119
"WOST","p",2004,2,2006,1314,1510.5576,25.1637154324584,661.079115731644,13.4132198672312,182.3623256658
"WOST","p",2004,3,2007,355,2906.75868,53.2294309417336,Inf,14.1575580763833,2521.7262468396
"WOST","p",2004,4,2008,145,1961.57321,49.2197765756811,Inf,14.0906054197896,1788.8033289721
"WOST","p",2004,5,2009,4063,6248.19183,154.687637753971,Inf,15.2299492857083,2098.0036732055
"GREG","nb",2004,1,2005,4256,10850.78344,1045.48550130602,306.851774615195,17.1376761221358,6006.7435366912
"GREG","nb",2004,2,2006,10126,11748.58747,1015.23946277746,9.08177742864639,9.08145188004941,1083.5511894817
"GREG","nb",2004,3,2007,5233,13014.71821,1230.23844283564,357.769587188271,17.3027082010642,7089.7028937549
"GREG","nb",2004,4,2008,2308,14580.67186,1632.80601780464,754.007087237296,17.585876527769,11355.07475166
"GREG","nb",2004,5,2009,13211,16070.19949,1884.27776374946,9.57723642242424,9.57694670982523,1868.7697435991
"WHIB","nb",2004,1,2005,17143,15629.21036,6948.39976638951,9.9275199113083,9.92739591752,1959.4313498824
"WHIB","nb",2004,2,2006,25322,56043.67826,22256.902960891,11.8472161680751,11.846956683578,18977.5840889226
"WHIB","nb",2004,3,2007,20761,61351.61946,26880.9179723848,12.7365160200062,12.7359803842344,26347.3190542836
"WHIB","nb",2004,4,2008,7782,38779.02966,20214.8826699161,13.3417145523194,13.3403614170616,20480.6486261136
"WHIB","nb",2004,5,2009,43415,54150.33972,29971.8578327188,10.944796469151,10.9447112340482,6184.7823830734
"WOST","nb",2004,1,2005,273,4706.9451,1526.420928589,35.6715944465974,17.4591166621979,3601.0439163924
"WOST","nb",2004,2,2006,1314,1282.60439,288.784950387314,6.62554780835182,6.62554237868037,71.1026183281
"WOST","nb",2004,3,2007,355,3454.82233,939.812780155701,46.2031844441262,16.9882828252106,2582.0922989243
"WOST","nb",2004,4,2008,145,2346.70927,849.658424286164,22.8451842929501,16.849882039833,1741.6279278783
"WOST","nb",2004,5,2009,4063,8010.66583,2522.10486751642,10.1297348797155,10.1293377451745,2587.5295429857
"GREG","p",2005,1,2006,10126,9572.68903,37.6012487318993,Inf,13.8156436142229,532.0963075631
"GREG","p",2005,2,2007,5233,10298.82977,43.7601460378152,Inf,13.9724156432477,5041.1528994025
"GREG","p",2005,3,2008,2308,10867.51498,51.1271113541021,Inf,14.1289847039393,8530.669412994
"GREG","p",2005,4,2009,13211,11792.60856,59.4619028614567,Inf,14.2757193709151,1384.8476821292
"GREG","p",2005,5,2010,4627,12261.36441,82.3061185959069,Inf,14.6044084006543,7587.9513438483
"WHIB","p",2005,1,2006,25322,38923.74942,152.124242668668,Inf,15.2178881784804,13515.9627187478
"WHIB","p",2005,2,2007,20761,43231.26279,189.345242262972,Inf,15.4400556438216,22363.3612329341
"WHIB","p",2005,3,2008,7782,35847.01956,187.463896962943,Inf,15.4282676880695,27959.2330493168
"WHIB","p",2005,4,2009,43415,45283.85473,252.968706282597,319.548672652286,15.7210842716102,1726.0528150409
"WHIB","p",2005,5,2010,9047,30083.02808,230.249602649622,Inf,15.6314504968212,20906.139382911
"WOST","p",2005,1,2006,1314,1242.33237,22.568293100313,8.8179853443711,8.80669425138222,58.9549034689
"WOST","p",2005,2,2007,355,1733.24011,32.6455380488581,Inf,13.6790678332603,1359.8224169425
"WOST","p",2005,3,2008,145,830.5079,20.7854352355966,Inf,13.2270827095172,673.7858655324
"WOST","p",2005,4,2009,4063,2289.39697,47.8866385970101,Inf,14.0537612827017,1746.5918852647
"WOST","p",2005,5,2010,1000,947.22742,25.1637996397945,6.33629352506269,6.33544763802272,38.9597418198
"GREG","nb",2005,1,2006,10126,10170.62006,1014.57936249385,7.84268998906154,7.84259314667673,236.0683481126
"GREG","nb",2005,2,2007,5233,10992.87079,1179.42458388753,61.8791124232603,17.2604369076616,5097.0312031403
"GREG","nb",2005,3,2008,2308,11505.53543,1370.88551271636,426.053614793777,17.4080417445761,8427.3177863963
"GREG","nb",2005,4,2009,13211,12612.80491,1597.51668000222,8.44086728703877,8.44076298091986,488.7727327389
"GREG","nb",2005,5,2010,4627,12949.15614,2170.50233044887,36.2489835608182,17.8562483907781,7108.6921090954
"WHIB","nb",2005,1,2006,25322,57058.42059,19297.6658121425,12.5494476339836,12.5488593407494,21276.8743247119
"WHIB","nb",2005,2,2007,20761,62209.72146,22745.9704212333,13.9591782737009,13.9570918231412,29184.169204436
"WHIB","nb",2005,3,2008,7782,39136.47263,15954.0723539201,15.7119247129706,15.6946578800508,22823.4274344999
"WHIB","nb",2005,4,2009,43415,54777.5776,23797.1830823609,10.7948108002078,10.7947241642223,5922.8907938676
"WHIB","nb",2005,5,2010,9047,23638.05583,14125.9632822558,10.534405833619,10.5342826012119,7683.3300914589
"WOST","nb",2005,1,2006,1314,1141.44523,366.047473871598,7.11869216165113,7.11855766622154,135.2967669855
"WOST","nb",2005,2,2007,355,2525.55365,928.602549710386,16.9585181950701,16.2559597013929,1668.6522068841
"WOST","nb",2005,3,2008,145,1321.75863,595.815619410104,14.5073873505678,14.3755783892511,861.1358975583
"WOST","nb",2005,4,2009,4063,4349.36413,1568.96956318924,8.19170255741542,8.19160917495188,340.4719256781
"WOST","nb",2005,5,2010,1000,1265.6794,615.073598271746,7.09612965418739,7.09604497597671,140.821635579
"GREG","p",2006,1,2007,5233,10501.06291,36.2965123214334,Inf,13.7866984974526,5247.5881910399
"GREG","p",2006,2,2008,2308,11067.4963,44.7142485115226,Inf,14.0057520635153,8734.2812910428
"GREG","p",2006,3,2009,13211,12038.61047,51.5378943877676,Inf,14.1289847039393,1143.3022098477
"GREG","p",2006,4,2010,4627,12479.71214,77.8353987599049,Inf,14.5488385494995,7808.7895063052
"GREG","p",2006,5,2011,6971,14654.68668,75.8265982838982,Inf,14.5198510126263,7640.903093879
"WHIB","p",2006,1,2007,20761,36350.30119,121.607984769108,Inf,14.9947446271662,15520.6689483049
"WHIB","p",2006,2,2008,7782,29917.87671,128.518474779152,Inf,15.0481697938398,22063.3712226487
"WHIB","p",2006,3,2009,43415,36974.90019,166.787723557255,Inf,15.3109786015464,6346.0119999271
"WHIB","p",2006,4,2010,9047,24565.54453,168.087252254068,Inf,15.3109786015464,15423.7321942369
"WHIB","p",2006,5,2011,13599,81564.49857,426.052338479566,Inf,16.2509858600379,67725.0913155951
"WOST","p",2006,1,2007,355,1768.75307,27.6677106135872,Inf,13.5057961119862,1398.1530713963
"WOST","p",2006,2,2008,145,850.1144,18.4443550871898,Inf,13.07293202969,694.7108473532
"WOST","p",2006,3,2009,4063,2330.18624,43.2586739023641,Inf,13.9553212098884,1708.4163473442
"WOST","p",2006,4,2010,1000,975.96362,21.0052819241801,4.65369497245133,4.65350591928236,14.9540429916
"WOST","p",2006,5,2011,1727,2520.35116,63.2605784486852,Inf,14.3355959407306,757.6750126212
"GREG","nb",2006,1,2007,5233,10969.58589,974.445740771607,277.422123068808,17.0695792547172,5187.6138288685
"GREG","nb",2006,2,2008,2308,11483.35784,1175.87054219665,Inf,17.2576139936545,8514.0935273894
"GREG","nb",2006,3,2009,13211,12592.39128,1354.61843067001,8.31145567774622,8.31134336452894,450.692874335
"GREG","nb",2006,4,2010,4627,12934.13918,1981.61640719509,60.0594804656797,17.7646621018722,7198.4310853144
"GREG","nb",2006,5,2011,6971,15791.29308,2023.26594509841,42.9266703783327,17.794402671362,7685.8926807716
"WHIB","nb",2006,1,2007,20761,51192.04229,15947.2086216507,13.4389787957022,13.4372741553793,21713.3892291731
"WHIB","nb",2006,2,2008,7782,33363.50828,12088.5668521863,16.1233537655858,16.0901070503623,19043.6156324416
"WHIB","nb",2006,3,2009,43415,45397.61975,17426.2347973592,10.6128903684665,10.6127944605063,3761.4864523693
"WHIB","nb",2006,4,2010,9047,21023.66197,11689.5925123469,10.3112220854565,10.311112595839,6260.6060294185
"WHIB","nb",2006,5,2011,13599,167928.2638,77544.4807283928,19.900998839708,19.6849749217925,113327.757946568
"WOST","nb",2006,1,2007,355,2635.43006,779.615981069639,25.9830556044299,16.7924811410139,1852.9234935176
"WOST","nb",2006,2,2008,145,1371.88021,520.854145467581,18.67540486135,16.2625226135485,946.4616270545
"WOST","nb",2006,3,2009,4063,4496.54206,1380.96324463969,8.0578958796619,8.05780527417737,323.5593927094
"WOST","nb",2006,4,2010,1000,1313.60191,524.193541206908,7.02267148435261,7.02258281438711,154.8545641769
"WOST","nb",2006,5,2011,1727,4838.61342,2209.2091107826,9.79528016822614,9.7949364364968,1947.838774843
"GREG","p",2007,1,2008,2308,9490.99868,37.145897706675,Inf,13.8069012047702,7162.0445786286
"GREG","p",2007,2,2009,13211,10145.53763,41.3350902972281,Inf,13.9022113845745,3042.1427708017
"GREG","p",2007,3,2010,4627,10572.55582,67.15120756155,Inf,14.4057377058589,5907.6638045846
"GREG","p",2007,4,2011,6971,11770.81353,57.1409197492147,Inf,14.2386836211957,4767.5603964375
"GREG","p",2007,5,2012,7290,12101.24819,74.8255578018962,Inf,14.5099987161833,4769.0545126847
"WHIB","p",2007,1,2008,7782,24943.17325,92.7884044011826,Inf,14.7311601062935,17108.8418879913
"WHIB","p",2007,2,2009,43415,30264.28735,115.849408936054,Inf,14.9447342065915,13085.3363091443
"WHIB","p",2007,3,2010,9047,19679.83522,124.148063758437,Inf,15.0128720117588,10562.7965166386
"WHIB","p",2007,4,2011,13599,64454.68,278.941200223151,Inf,15.82712338679,50698.2572203752
"WHIB","p",2007,5,2012,13022,30154.04769,183.534899041723,Inf,15.40426653597,17028.5485573369
"WOST","p",2007,1,2008,145,536.7723,11.3881407441029,Inf,12.6029284004442,385.3525052382
"WOST","p",2007,2,2009,4063,1657.3002,31.0388619970118,Inf,13.6325478176254,2388.2007813466
"WOST","p",2007,3,2010,1000,636.14489,13.7298107038997,Inf,12.7852499572382,356.1079185025
"WOST","p",2007,4,2011,1727,1369.10316,31.1426925086346,Inf,13.6267863599568,340.3255751728
"WOST","p",2007,5,2012,820,1213.35481,29.7309195811312,Inf,13.580603452189,376.5824605065
"GREG","nb",2007,1,2008,2308,10090.659,1057.0004924594,555.955399673785,17.1510083785197,7188.4335225668
"GREG","nb",2007,2,2009,13211,10912.34589,1197.64295838813,9.79503558844651,9.79446800811984,1669.3215559789
"GREG","nb",2007,3,2010,4627,11299.8999,1858.63579251291,25.2847821729358,17.7039092780909,5633.2589904614
"GREG","nb",2007,4,2011,6971,13133.90857,1692.7943664953,20.1843055709002,17.5439872527433,5212.9131010499
"GREG","nb",2007,5,2012,7290,13214.38133,2126.23179835455,14.4144290632203,14.3825078402879,4734.4491540515
"WHIB","nb",2007,1,2008,7782,28813.19156,9427.27977229931,15.9426125920795,15.9077689557307,15886.0881883616
"WHIB","nb",2007,2,2009,43415,38246.21454,13094.6401426735,10.6406706779376,10.6405414729694,4440.2833557296
"WHIB","nb",2007,3,2010,9047,18529.45357,9806.25888643053,10.0535221593088,10.0534174167947,4802.7242812777
"WHIB","nb",2007,4,2011,13599,128727.79043,52481.7518596309,20.7997987356628,20.1830250773271,86988.3065700937
"WHIB","nb",2007,5,2012,13022,34756.34057,18054.1256246068,11.2267599477333,11.2265762180507,12499.2207966805
"WOST","nb",2007,1,2008,145,949.71728,373.054394673505,14.5461244983346,14.3398125537183,604.0507341194
"WOST","nb",2007,2,2009,4063,3251.50032,1039.65201493722,8.4453020626598,8.44512266763973,558.242319068
"WOST","nb",2007,3,2010,1000,936.71341,395.9838241495,6.98479385364419,6.98467966491184,103.6096207929
"WOST","nb",2007,4,2011,1727,2833.94181,1266.46401422816,7.98422237350779,7.98412456507547,548.4565639269
"WOST","nb",2007,5,2012,820,2681.93447,1191.97605662405,9.96720016280819,9.96644340618406,1230.6567192101
"GREG","p",2008,1,2009,13211,7878.9843,32.245586229565,Inf,13.6790678332603,5313.81088395
"GREG","p",2008,2,2010,4627,7328.93289,47.5820429022963,Inf,14.0537612827017,2675.0813862097
"GREG","p",2008,3,2011,6971,9579.17155,49.8166281231666,Inf,14.1094175955508,2580.0513923991
"GREG","p",2008,4,2012,7290,8314.75609,51.3466003027029,Inf,14.1281303368574,995.8045151191
"GREG","p",2008,5,2013,8208,8295.19654,62.005715213322,6.01060320336205,6.01035573006611,56.6074162362
"WHIB","p",2008,1,2009,43415,23506.76931,79.0948733617661,Inf,14.5677070338039,19863.6026087885
"WHIB","p",2008,2,2010,9047,13237.01733,74.6555169035292,Inf,14.515934904278,4147.8718570147
"WHIB","p",2008,3,2011,13599,54038.88445,224.609176328614,Inf,15.6119059007482,40313.1204055991
"WHIB","p",2008,4,2012,13022,20325.61415,107.142050866913,Inf,14.8716119417626,7243.1794705257
"WHIB","p",2008,5,2013,22226,17201.48808,110.578288526693,Inf,14.8988245052875,4962.1511968942
"WOST","p",2008,1,2009,4063,1490.7553,29.7113336884007,Inf,13.6084502660463,2555.4793345332
"WOST","p",2008,2,2010,1000,525.76736,11.1938273904914,Inf,12.6029284004442,467.915634959
"WOST","p",2008,3,2011,1727,1142.6001,26.2039406665308,Inf,13.4502262608314,569.6128957374
"WOST","p",2008,4,2012,820,1013.98796,25.5683936231028,560.928709766738,13.4212387239582,179.5778442952
"WOST","p",2008,5,2013,2511,843.70611,23.681485316495,Inf,13.3606141021417,1653.9296170249
"GREG","nb",2008,1,2009,13211,8711.55042,1143.12409969561,13.6898345369646,13.6609937399856,3858.7742339472
"GREG","nb",2008,2,2010,4627,8370.06735,1681.54165846032,11.803257008932,11.8002139999515,2808.0539685121
"GREG","nb",2008,3,2011,6971,10753.31789,1775.16584518003,11.1945871297378,11.1930247410128,2792.7959146767
"GREG","nb",2008,4,2012,7290,9643.36042,1887.42946000032,9.06954081515393,9.06936505081852,1409.2608097622
"GREG","nb",2008,5,2013,8208,9825.53463,2281.83632554812,8.69227991273656,8.69217900662896,859.5993732009
"WHIB","nb",2008,1,2009,43415,31784.553,9793.57219255435,11.0752074348423,11.0749448050263,8008.5234295562
"WHIB","nb",2008,2,2010,9047,14944.82528,7249.10032212189,9.63689849986614,9.63682420030294,2821.5270946452
"WHIB","nb",2008,3,2011,13599,105532.18798,41448.40910396,19.5270882046089,19.2644077943484,69660.0264335022
"WHIB","nb",2008,4,2012,13022,27216.04834,12723.8549306555,10.6305955156284,10.6304561913983,7814.0744733806
"WHIB","nb",2008,5,2013,22226,22333.83691,12733.7681999146,10.3321251818239,10.3320157111145,2792.4526459621
"WOST","nb",2008,1,2009,4063,2366.56879,770.033203153783,9.79978184153014,9.79884776063949,1311.2457967079
"WOST","nb",2008,2,2010,1000,591.49833,231.697403123292,8.0890318536574,8.08845196560952,305.4822946501
"WOST","nb",2008,3,2011,1727,1827.76125,817.547336283905,7.51887715695391,7.51878156371667,172.0054366697
"WOST","nb",2008,4,2012,820,1653.63558,709.527885608641,7.85946819227635,7.85931595804457,471.677802209
"WOST","nb",2008,5,2013,2511,1342.77298,647.911346383938,9.22348735580282,9.2228134439494,891.8943403454
"GREG","p",2009,1,2010,4627,8996.50855,49.6818881464624,Inf,14.099570818733,4341.4884093151
"GREG","p",2009,2,2011,6971,11074.47639,50.5061771599001,Inf,14.1143859045181,4074.9812780345
"GREG","p",2009,3,2012,7290,10342.80288,52.9160579105951,Inf,14.1715443183581,3022.9431022202
"GREG","p",2009,4,2013,8208,10611.0839,66.784956263322,Inf,14.3946878696723,2365.4180502238
"GREG","p",2009,5,2014,5624,11678.62359,63.9271785108136,Inf,14.3607863179966,6018.5756840737
"WHIB","p",2009,1,2010,9047,18155.27778,85.5576102945752,Inf,14.6484683904484,9060.0080658648
"WHIB","p",2009,2,2011,13599,65191.89698,245.432087054593,Inf,15.6969965747191,51454.396745069
"WHIB","p",2009,3,2012,13022,28247.39228,121.820634537305,Inf,14.9886284001488,15156.712837338
"WHIB","p",2009,4,2013,22226,25123.72261,133.642060769774,Inf,15.0850500189427,2822.3239152455
"WHIB","p",2009,5,2014,16335,38284.34632,175.650139630383,Inf,15.3629383404771,21850.2487529182
"WOST","p",2009,1,2010,1000,790.75414,17.738668480582,Inf,13.0639890232636,199.2421646764
"WOST","p",2009,2,2011,1727,1703.54074,42.8901570981986,4.84826802266367,4.84815567781758,15.2229856316
"WOST","p",2009,3,2012,820,2157.12675,45.4230848468471,Inf,14.0078808186433,1311.5093721023
"WOST","p",2009,4,2013,2511,1863.3318,46.2630214256647,Inf,14.0220125843871,621.5631386406
"WOST","p",2009,5,2014,1757,1075.01452,31.6545773829362,Inf,13.6447455629679,664.1234147596
"GREG","nb",2009,1,2010,4627,9598.39922,1730.19030150102,15.5208594297959,15.4064140345428,4004.8693997334
"GREG","nb",2009,2,2011,6971,12004.28707,1818.88471834171,13.8938458782867,13.8714667113138,4015.2645698299
"GREG","nb",2009,3,2012,7290,11187.08838,1927.26966957216,10.8974435089203,10.8963775420864,2826.3332472644
"GREG","nb",2009,4,2013,8208,11589.6606,2402.04247662447,9.57696093051532,9.57673061104964,2120.695364065
"GREG","nb",2009,5,2014,5624,12828.5412,2339.57156080626,17.5558882926642,17.0318064490031,5898.8219071086
"WHIB","nb",2009,1,2010,9047,15928.3677,6783.25285412607,9.82683901253786,9.82672519725977,3628.376542394
"WHIB","nb",2009,2,2011,13599,115528.72934,40737.8078230877,24.2176146690551,20.6969827936379,79836.826447636
"WHIB","nb",2009,3,2012,13022,29346.67683,11808.5106862439,11.266119454076,11.2658992719587,10089.6582627875
"WHIB","nb",2009,4,2013,22226,24159.3702,12060.6801221823,10.1802998084226,10.1802044453686,2463.5743012156
"WHIB","nb",2009,5,2014,16335,44074.88152,19038.1624304183,12.105819317502,12.1054205348028,17655.6970173532
"WOST","nb",2009,1,2010,1000,687.95568,241.32628145206,7.53322034842229,7.53290407690373,219.9998511376
"WOST","nb",2009,2,2011,1727,2190.21068,884.614344671917,7.5337188608019,7.53363178165562,237.1383772042
"WOST","nb",2009,3,2012,820,2073.99676,754.204258135773,9.51864073066996,9.51790840624264,846.8986936514
"WOST","nb",2009,4,2013,2511,1683.64906,698.763768071265,8.53912258039481,8.53881614404776,588.7158063938
"WOST","nb",2009,5,2014,1757,858.52857,392.346542207074,9.25194201959051,9.25081444423485,712.6106565751
"GREG","p",2010,1,2011,6971,10874.91208,51.5795078934449,Inf,14.1289847039393,3874.8166290648
"GREG","p",2010,2,2012,7290,8539.09488,37.4228462637441,Inf,13.8069012047702,1227.9906487172
"GREG","p",2010,3,2013,8208,8345.26996,44.4595873591679,9.52678971828068,9.51523154730605,112.214316775
"GREG","p",2010,4,2014,5624,9606.99502,45.7982470187878,Inf,14.0220125843871,3957.1561301366
"GREG","p",2010,5,2015,5069,11105.74927,53.6770617371766,Inf,14.1853376404904,6006.4738078789
"WHIB","p",2010,1,2011,13599,64864.65568,242.112555826075,Inf,15.6848383702393,51129.001922394
"WHIB","p",2010,2,2012,13022,23758.46527,85.8977708563935,Inf,14.6484683904484,10687.9752390193
"WHIB","p",2010,3,2013,22226,20186.68502,88.8494692718054,Inf,14.6771184881858,1989.1756610864
"WHIB","p",2010,4,2014,16335,32199.92634,127.409158246731,Inf,15.0365417558447,15793.0888637704
"WHIB","p",2010,5,2015,25256,52194.36419,209.422754147068,Inf,15.5403250969852,26820.2224105369
"WOST","p",2010,1,2011,1727,1768.69619,41.439924253757,5.13035506471108,5.13020149374996,24.9318964175
"WOST","p",2010,2,2012,820,2259.43608,42.4021350128049,Inf,13.9379294671766,1415.5231320706
"WOST","p",2010,3,2013,2511,1977.71708,43.2876203371627,Inf,13.9561650915258,508.8722402144
"WOST","p",2010,4,2014,1757,1168.43903,28.7217299624661,Inf,13.5472901757932,572.3533985475
"WOST","p",2010,5,2015,648,2039.33006,49.8851577694815,Inf,14.1011127109345,1363.187923194
"GREG","nb",2010,1,2011,6971,11565.60868,1824.11894176553,12.814266675559,12.8066333374977,3574.4178705566
"GREG","nb",2010,2,2012,7290,9209.6951,1370.31681646901,9.02792960506115,9.02769848111623,1212.161732819
"GREG","nb",2010,3,2013,8208,9114.01171,1623.46633433597,8.33045174488767,8.33038706256853,520.5017948713
"GREG","nb",2010,4,2014,5624,10489.47783,1693.3467419818,14.7119467210748,14.6581659759677,3918.3589140947
"GREG","nb",2010,5,2015,5069,12165.59736,1958.81863099301,27.3104036257909,17.7557636900478,6000.964855437
"WHIB","nb",2010,1,2011,13599,112556.55123,38386.5452584176,26.811867231022,20.6729293666575,78096.3329104913
"WHIB","nb",2010,2,2012,13022,25692.67797,8192.03778516661,11.2606380408525,11.2602578414721,8254.2258252133
"WHIB","nb",2010,3,2013,22226,20253.76588,7826.48483769035,10.0326937036279,10.032574270563,2257.0606136692
"WHIB","nb",2010,4,2014,16335,38504.74915,13349.1657162063,12.2806495643338,12.2800008657277,14941.6378011967
"WHIB","nb",2010,5,2015,25256,75663.94303,26367.4443135887,14.4727068649145,14.4697715836585,36083.8611049199
"WOST","nb",2010,1,2011,1727,2416.404,876.654790541989,7.65852469409272,7.65842596015345,344.8337919266
"WOST","nb",2010,2,2012,820,2325.62944,707.538368168618,11.8315462191623,11.8238353956201,1118.8039601166
"WOST","nb",2010,3,2013,2511,1928.04154,664.64697449882,8.13375140613002,8.13355229021317,402.5863623004
"WOST","nb",2010,4,2014,1757,1005.82545,372.089045343818,8.84891445745385,8.8481476051792,574.6983840401
"WOST","nb",2010,5,2015,648,1859.13727,705.923944963696,9.87890580626587,9.87777393327935,830.7649147139
"GREG","p",2011,1,2012,7290,8135.88583,35.6684955896219,Inf,13.7646182694116,825.7717256763
"GREG","p",2011,2,2013,8208,8083.63892,43.5139875891047,8.72492916270531,8.71961874719753,99.8653256122
"GREG","p",2011,3,2014,5624,8959.31812,41.6036980128267,Inf,13.9202298900772,3311.8392736624
"GREG","p",2011,4,2015,5069,9958.07481,43.6118467093018,Inf,13.9553212098884,4864.4785822203
"GREG","p",2011,5,2016,5291,8212.36216,65.8008530161804,Inf,14.3722150138202,2884.2547341678
"WHIB","p",2011,1,2012,13022,19775.43558,73.7469342831738,Inf,14.4899980494766,6711.8465676538
"WHIB","p",2011,2,2013,22226,17853.473,82.2136460804167,Inf,14.6044084006543,4326.146823033
"WHIB","p",2011,3,2014,16335,24328.72665,95.6383359155233,Inf,14.7546906037037,7939.7933658587
"WHIB","p",2011,4,2015,25256,33501.77727,119.660483484148,Inf,14.9762825643265,8178.2373966533
"WHIB","p",2011,5,2016,10545,14994.98852,104.135002708971,Inf,14.8365206219513,4391.275782755
"WOST","p",2011,1,2012,820,2252.34952,40.8373416452923,Inf,13.9022113845745,1409.311557712
"WOST","p",2011,2,2013,2511,1972.151,42.0485141208985,Inf,13.9202298900772,515.1414719722
"WOST","p",2011,3,2014,1757,1160.96061,26.4435529201885,Inf,13.4650934653169,581.1196186459
"WOST","p",2011,4,2015,648,2022.6762,42.7794269988945,Inf,13.9379294671766,1350.5519014692
"WOST","p",2011,5,2016,580,147.84676,8.36822070535773,Inf,12.2927734721404,427.4379707144
"GREG","nb",2011,1,2012,7290,8777.51769,1282.9273201597,8.6047871041231,8.60462492448275,879.5976401041
"GREG","nb",2011,2,2013,8208,8808.3338,1571.33712754496,8.26031273684838,8.26021870216475,417.471290434
"GREG","nb",2011,3,2014,5624,9824.94919,1531.48383986768,13.9211412722541,13.8940490550707,3343.4128902459
"GREG","nb",2011,4,2015,5069,11042.19124,1647.42325719323,21.4892705181674,17.566549455274,5050.495801257
"GREG","nb",2011,5,2016,5291,9229.48382,2441.4000262962,10.1498317633908,10.1494206300406,2614.0005017744
"WHIB","nb",2011,1,2012,13022,22777.62172,7774.48144379684,10.4534464546144,10.4532679884606,5742.5347674344
"WHIB","nb",2011,2,2013,22226,18909.45886,7912.40220347233,10.1963327405281,10.1961922281903,2834.8053553124
"WHIB","nb",2011,3,2014,16335,32243.25576,11795.5256014452,11.0805819934449,11.0803569948237,9697.887588918
"WHIB","nb",2011,4,2015,25256,56828.95688,19878.7258567409,12.3881933940598,12.3877045293429,20854.8340029452
"WHIB","nb",2011,5,2016,10545,14102.71422,9215.74104650951,9.68715644524303,9.68707210384293,1818.158488315
"WOST","nb",2011,1,2012,820,2230.56077,635.530792818801,11.887043447702,11.8780330635687,1060.9647397711
"WOST","nb",2011,2,2013,2511,1852.44351,604.129389280202,8.21400865734643,8.21376720348948,451.5758100575
"WOST","nb",2011,3,2014,1757,939.72944,310.586843474027,9.4477496420251,9.44609864986066,656.4645467334
"WOST","nb",2011,4,2015,648,1684.70936,540.420240265621,10.2725244987929,10.2703814337735,741.9911096452
"WOST","nb",2011,5,2016,580,98.05261,79.1088791750682,11.1864497176605,11.13968541325,444.9812936775
"GREG","p",2012,1,2013,8208,7811.59668,36.2245968257999,Inf,13.7778845304797,375.9604263126
"GREG","p",2012,2,2014,5624,8697.59367,34.8956080755979,Inf,13.7450258010521,3053.9155526829
"GREG","p",2012,3,2015,5069,9713.53058,37.9149160657412,Inf,13.8267038320663,4623.1430630632
"GREG","p",2012,4,2016,5291,7820.38054,55.0375857089208,Inf,14.2060144757922,2498.3255019226
"GREG","p",2012,5,2017,6607,9420.97436,47.8280478151887,Inf,14.0537612827017,2786.9844761498
"WHIB","p",2012,1,2013,22226,15778.21117,63.5266208258131,Inf,14.3492254955955,6411.9688911455
"WHIB","p",2012,2,2014,16335,21910.86247,75.2019796872169,Inf,14.5099987161833,5533.4275692225
"WHIB","p",2012,3,2015,25256,30781.58837,98.1930278046776,Inf,14.7776801219284,5470.1960094553
"WHIB","p",2012,4,2016,10545,12535.01921,76.035748798357,Inf,14.5198510126263,1947.1105487781
"WHIB","p",2012,5,2017,18123,23454.77556,101.682197258806,Inf,14.8148591251701,5274.4238817808
"WOST","p",2012,1,2013,2511,1434.22306,23.7175325329153,Inf,13.3606141021417,1063.3998705354
"WOST","p",2012,2,2014,1757,912.36397,17.7227536460638,Inf,13.07293202969,834.6416966245
"WOST","p",2012,3,2015,648,1628.38754,29.6647513511091,Inf,13.5829359964056,963.6484925566
"WOST","p",2012,4,2016,580,96.50662,4.91078377996561,Inf,11.825238884958,480.7296960434
"WOST","p",2012,5,2017,2359,1052.69165,26.5470856734798,Inf,13.4502262608314,1291.3360726595
"GREG","nb",2012,1,2013,8208,8330.81147,1273.7679744659,8.05821111172911,8.05811710574442,293.9861902453
"GREG","nb",2012,2,2014,5624,9373.95016,1257.56946189286,14.1284580805454,14.0882049639162,3044.2323529468
"GREG","nb",2012,3,2015,5069,10588.65841,1385.24136982794,41.2534001176351,17.4113115022134,4742.3747693589
"GREG","nb",2012,4,2016,5291,8523.54722,1961.97670231735,9.93765431264752,9.93724429683447,2163.8476645364
"GREG","nb",2012,5,2017,6607,10351.43884,1734.2083088845,11.2222422885266,11.2205990297266,2778.310066714
"WHIB","nb",2012,1,2013,22226,16714.93074,6022.54456926256,10.388629689803,10.3884100823717,3815.1235144944
"WHIB","nb",2012,2,2014,16335,28799.50657,8980.87347279095,10.8889824911111,10.8887444649166,7716.1234203803
"WHIB","nb",2012,3,2015,25256,51379.31074,15751.7913793929,12.2498627249859,12.249335734961,17563.9025947162
"WHIB","nb",2012,4,2016,10545,11763.16415,6564.24797804135,9.53325987512725,9.53316441996652,1304.4591465057
"WHIB","nb",2012,5,2017,18123,32470.78273,12804.4147929972,10.6869071180082,10.6868006020398,7969.7574055161
"WOST","nb",2012,1,2013,2511,1522.49294,446.571068036594,9.30251304820743,9.30153646203191,762.1948588762
"WOST","nb",2012,2,2014,1757,817.77638,259.125301106072,10.7552266390708,10.748023335615,799.0834923982
"WOST","nb",2012,3,2015,648,1497.518,466.387361372184,9.44338667376281,9.44231178237199,594.8572221242
"WOST","nb",2012,4,2016,580,79.13616,62.575372130147,12.4268341643448,12.2365157182882,471.2415385964
"WOST","nb",2012,5,2017,2359,1470.34284,692.532149469261,8.70715359384398,8.70678045138266,646.151934082
"GREG","p",2013,1,2014,5624,8801.07862,29.8420023514952,Inf,13.5837576534559,3160.2502349764
"GREG","p",2013,2,2015,5069,9802.6216,34.5415999146138,Inf,13.7450258010521,4714.1480199276
"GREG","p",2013,3,2016,5291,7989.38736,46.8788006293877,Inf,14.0380129257335,2671.926191187
"GREG","p",2013,4,2017,6607,9565.53179,40.6112905749758,Inf,13.9022113845745,2935.6114587135
"GREG","p",2013,5,2018,14512,9402.31179,46.970843718178,Inf,14.0537612827017,5083.1831234755
"WHIB","p",2013,1,2014,16335,23913.86276,68.0438564812904,Inf,14.4166667763911,7540.481673586
"WHIB","p",2013,2,2015,25256,32886.99976,92.9238344469947,Inf,14.7311601062935,7578.5624984528
"WHIB","p",2013,3,2016,10545,14713.84358,73.3053240187157,Inf,14.4899980494766,4127.486230168
"WHIB","p",2013,4,2017,18123,26241.82945,94.6225295420095,Inf,14.7469084632616,8065.4377846417
"WHIB","p",2013,5,2018,95728,23025.99186,98.1609634706582,Inf,14.7927179992929,72646.5959443318
"WOST","p",2013,1,2014,1757,1091.34056,18.8737415757345,Inf,13.1137540242102,655.019069423
"WOST","p",2013,2,2015,648,1884.84678,31.4094063799317,Inf,13.6325478176254,1219.1324905912
"WOST","p",2013,3,2016,580,143.09041,6.6120112839311,Inf,11.9743197410218,433.1848786935
"WOST","p",2013,4,2017,2359,1404.2226,28.9755004277105,Inf,13.559398109706,938.433265151
"WOST","p",2013,5,2018,3518,2822.21437,74.6769319264304,Inf,14.5011489232152,653.6429852793
"GREG","nb",2013,1,2014,5624,9346.67553,1060.75601246583,17.3919712617664,16.5727731282673,3126.8900150483
"GREG","nb",2013,2,2015,5069,10570.00856,1235.11338513412,68.5187774554702,17.3065542828548,4806.7145813854
"GREG","nb",2013,3,2016,5291,8451.24309,1634.00900493588,10.5301849113917,10.5293044773411,2255.9073796561
"GREG","nb",2013,4,2017,6607,10301.32295,1453.65522031474,12.4844523585443,12.4775830439348,2879.7226750719
"GREG","nb",2013,5,2018,14512,10126.03891,1668.99831054127,11.2860683989349,11.284251213293,3472.1990155401
"WHIB","nb",2013,1,2014,16335,30811.46159,8200.22448149318,11.8740736324508,11.8733868626298,9986.8071383043
"WHIB","nb",2013,2,2015,25256,54304.69703,14870.686179732,13.3087039622218,13.3071154577215,20867.2262197629
"WHIB","nb",2013,3,2016,10545,12943.14485,6013.46867469379,9.39636653094244,9.39628077821503,1355.8219222809
"WHIB","nb",2013,4,2017,18123,35109.06456,11661.4098129506,11.3396924772226,11.3394021399281,10765.9551497528
"WHIB","nb",2013,5,2018,95728,27567.21773,10850.7091955173,17.7719543666475,17.5904425212356,62335.6011442543
"WOST","nb",2013,1,2014,1757,916.79185,260.791931101963,10.2075952480245,10.2035103849531,699.2187883011
"WOST","nb",2013,2,2015,648,1643.82427,468.995354513659,10.9790816203833,10.9741734135976,737.9648089251
"WOST","nb",2013,3,2016,580,95.37123,67.1134253365577,12.5759830796609,12.3840315070468,451.8206009615
"WOST","nb",2013,4,2017,2359,1826.30259,730.579562097283,8.11308305773475,8.1128926508752,381.8353064749
"WOST","nb",2013,5,2018,3518,3009.11307,1108.07986918594,8.25375998406118,8.25362092283079,411.3653747389
"GREG","p",2014,1,2015,5069,9145.41,30.1399410112303,Inf,13.6084502660463,4059.4107504138
"GREG","p",2014,2,2016,5291,7189.11721,40.4287239055732,Inf,13.8838622459063,1875.3144528825
"GREG","p",2014,3,2017,6607,8726.79314,34.4962097747751,Inf,13.7450258010521,2100.3271798164
"GREG","p",2014,4,2018,14512,8477.35001,39.76531448137,Inf,13.8838622459063,6012.2060079903
"GREG","p",2014,5,2019,2778,8248.91206,45.6459623854643,Inf,14.0220125843871,5445.16532369
"WHIB","p",2014,1,2015,25256,30781.25625,79.6080494695914,Inf,14.5677070338039,5480.3459198079
"WHIB","p",2014,2,2016,10545,13172.49347,61.0109970478823,Inf,14.3015974466063,2593.0775238695
"WHIB","p",2014,3,2017,18123,23935.59824,77.9674057415403,Inf,14.5488385494995,5768.6183376406
"WHIB","p",2014,4,2018,95728,20716.6231,80.2342058081702,Inf,14.5770094264662,74966.121566859
"WHIB","p",2014,5,2019,21050,18029.88883,82.4420705597638,Inf,14.6063089732754,2973.5934858501
"WOST","p",2014,1,2015,648,2152.51776,31.0125075145275,Inf,13.6325478176254,1487.025404729
"WOST","p",2014,2,2016,580,199.97662,8.18425092450323,Inf,12.2927734721404,375.4100855514
"WOST","p",2014,3,2017,2359,1534.57719,30.1619465408665,Inf,13.5978505178852,807.4112228683
"WOST","p",2014,4,2018,3518,3110.63836,79.4145129252773,15.133764879538,14.1146225352807,362.5614011448
"WOST","p",2014,5,2019,970,489.49526,14.2521334811841,Inf,12.8393171785085,472.4673069608
"GREG","nb",2014,1,2015,5069,9838.21294,1076.48208386082,55.4397025002467,17.1644949489502,4164.3850060136
"GREG","nb",2014,2,2016,5291,7601.43774,1400.38201002492,9.55281154913984,9.55243379410226,1550.2010135592
"GREG","nb",2014,3,2017,6607,9376.94641,1229.62493569094,11.0772634633672,11.0752726875661,2082.7490300357
"GREG","nb",2014,4,2018,14512,9122.97627,1407.34446439786,13.5167234979699,13.4969279286872,4602.3587295133
"GREG","nb",2014,5,2019,2778,8893.27427,1613.99508409638,43.6534021593878,17.5554636610406,5214.2948254143
"WHIB","nb",2014,1,2015,25256,49573.23515,12392.3128046439,12.9359443997928,12.9346373947932,17484.7275516953
"WHIB","nb",2014,2,2016,10545,11635.74238,4987.1828522704,9.29379270315974,9.29370189147108,1054.2581809626
"WHIB","nb",2014,3,2017,18123,31460.51606,9356.30626129514,11.0179555805558,11.0176986563406,8360.546485723
"WHIB","nb",2014,4,2018,95728,24513.95867,8674.61253481031,19.7163498981658,18.7190093319579,66512.5053269001
"WHIB","nb",2014,5,2019,21050,19418.09487,8204.54733377529,10.0381012271333,10.0379905924541,2238.6147808987
"WOST","nb",2014,1,2015,648,1973.05956,495.443417167291,14.5414966362321,14.3914823760858,1051.025824592
"WOST","nb",2014,2,2016,580,133.02301,83.1273672272358,10.6446793008012,10.6211758961041,405.5927319975
"WOST","nb",2014,3,2017,2359,2134.89601,789.544291574553,7.75683106673635,7.75671029039095,236.0079971145
"WOST","nb",2014,4,2018,3518,3459.12101,1192.73495693442,8.02324116433026,8.0231376918341,281.4389169281
"WOST","nb",2014,5,2019,970,636.02722,296.391096148131,7.65433594434338,7.65403111747723,240.1505739408
"GREG","p",2015,1,2016,5291,6714.32986,38.4856358115861,Inf,13.8446252243342,1401.6159119134
"GREG","p",2015,2,2017,6607,7979.64121,30.5207659620044,Inf,13.6084502660463,1355.4250916527
"GREG","p",2015,3,2018,14512,7753.80269,35.8300959630541,Inf,13.7660792102499,6737.9804515915
"GREG","p",2015,4,2019,2778,7545.1132,41.8438974628027,Inf,13.9202298900772,4743.5242381604
"GREG","p",2015,5,2020,6128,8528.00811,38.7149164105442,Inf,13.8461219179234,2378.1616850093
"WHIB","p",2015,1,2016,10545,12667.67548,57.191219388341,Inf,14.2386836211957,2090.4148093506
"WHIB","p",2015,2,2017,18123,22845.02189,67.7678659518245,Inf,14.4166667763911,4683.7884261169
"WHIB","p",2015,3,2018,95728,19744.27078,71.6670542150171,Inf,14.4695891778454,75943.29215849
"WHIB","p",2015,4,2019,21050,17158.35991,75.2001388655683,Inf,14.5198510126263,3849.1872680063
"WHIB","p",2015,5,2020,22263,25757.16972,91.0343875012002,Inf,14.6988992440753,3442.826072214
"WOST","p",2015,1,2016,580,152.94164,5.67364926774295,Inf,11.9509256210756,423.8638632154
"WOST","p",2015,2,2017,2359,1425.80242,25.5175028867077,Inf,13.4212387239582,918.8102297984
"WOST","p",2015,3,2018,3518,2728.25865,61.4439348003425,Inf,14.3064880872775,755.0930574175
"WOST","p",2015,4,2019,970,400.98189,10.3720276618161,Inf,12.5339355289573,563.1671653481
"WOST","p",2015,5,2020,1245,1689.38307,27.8396472289912,Inf,13.5152774212968,428.6802423111
"GREG","nb",2015,1,2016,5291,7099.93428,1320.84676841136,8.93467695439433,8.93445696949021,1125.3404895202
"GREG","nb",2015,2,2017,6607,8587.15057,1087.73379017417,9.65622485422968,9.65568363446747,1383.2633398625
"GREG","nb",2015,3,2018,14512,8349.68744,1271.46723568308,15.2245678712486,15.1089651359819,5450.9885664748
"GREG","nb",2015,4,2019,2778,8153.15236,1486.1403360105,39.117414328091,17.4801592775802,4545.6912438398
"GREG","nb",2015,5,2020,6128,9345.78696,1401.3957475868,11.5222047509102,11.5194776530837,2434.409131055
"WHIB","nb",2015,1,2016,10545,11069.6379,4579.57976404514,9.26617490964858,9.26607879713328,979.1147147204
"WHIB","nb",2015,2,2017,18123,28668.97842,7912.53218959461,10.6261196692377,10.6259152270268,6420.39865988
"WHIB","nb",2015,3,2018,95728,22526.17184,7552.00188894947,157.990130064843,19.0485688516009,69091.7819671496
"WHIB","nb",2015,4,2019,21050,17975.70192,7306.34062431129,10.1179893730525,10.1178479569183,2623.3922051748
"WHIB","nb",2015,5,2020,22263,34768.75074,11487.3862849356,10.5489899984979,10.548856805612,6922.4630868398
"WOST","nb",2015,1,2016,580,119.74737,75.8166768578523,11.1253890165915,11.0847274443989,422.3256527421
"WOST","nb",2015,2,2017,2359,2019.58329,759.006691192079,7.84030199934691,7.84016509938819,276.7634410425
"WOST","nb",2015,3,2018,3518,3221.81598,1119.64448896713,8.09425783696209,8.094139593148,325.9264758016
"WOST","nb",2015,4,2019,970,552.59514,256.268234048737,8.08300931586926,8.08246677678478,312.6646858448
"WOST","nb",2015,5,2020,1245,2209.84379,758.370659143009,8.14257695976335,8.14239312246702,571.5723600467
"GREG","p",2016,1,2017,6607,7647.76645,25.642566950481,Inf,13.4399669323784,1026.3012940113
"GREG","p",2016,2,2018,14512,7327.91583,28.6669001345233,Inf,13.5324643590684,7167.9163041105
"GREG","p",2016,3,2019,2778,7034.54303,32.4129408478534,Inf,13.6560783150356,4238.2585251003
"GREG","p",2016,4,2020,6128,8108.8692,32.1796896610932,Inf,13.6560783150356,1962.7115324686
"GREG","p",2016,5,2021,13099,9474.27846,39.4259240102656,Inf,13.8651701128941,3602.4718016494
"WHIB","p",2016,1,2017,18123,22217.8533,58.49978360094,Inf,14.264326051809,4061.835713312
"WHIB","p",2016,2,2018,95728,19029.17306,59.5407285916121,Inf,14.2893273540144,76665.2369209592
"WHIB","p",2016,3,2019,21050,16390.84377,61.2982469320116,Inf,14.3137188071386,4624.5503450509
"WHIB","p",2016,4,2020,22263,24928.11627,78.241613280834,Inf,14.5531156032745,2620.9808235633
"WHIB","p",2016,5,2021,64392,39532.31124,125.932577754145,Inf,15.0306766363923,24788.6437689678
"WOST","p",2016,1,2017,2359,1603.32546,26.3593115221441,Inf,13.4634553764732,740.8004602848
"WOST","p",2016,2,2018,3518,3030.69169,61.2367805683549,557.754206511676,14.3025503423016,452.7637429263
"WOST","p",2016,3,2019,970,541.41442,11.587948000789,Inf,12.6029284004442,422.0499969884
"WOST","p",2016,4,2020,1245,1912.05919,28.4379417980493,Inf,13.5324643590684,651.0142732889
"WOST","p",2016,5,2021,2640,1953.29017,91.5615169516373,387.460061425754,14.7048400047207,635.0929555581
"GREG","nb",2016,1,2017,6607,8121.55209,881.074158935198,9.202681802375,9.20225778867549,1036.9971538901
"GREG","nb",2016,2,2018,14512,7760.3521,972.118465491063,158.190533493798,17.0657666778545,6205.8238497062
"GREG","nb",2016,3,2019,2778,7437.92284,1094.40631421705,63.9918629007001,17.1824388396517,4046.6206109046
"GREG","nb",2016,4,2020,6128,8733.95244,1115.74084991744,11.2674104951049,11.2648685845712,1981.1133912868
"GREG","nb",2016,5,2021,13099,10460.94025,1402.42924007512,9.91695177190654,9.91640726434587,1910.6620999645
"WHIB","nb",2016,1,2017,18123,28542.45197,6638.61072586703,10.9667979885285,10.966459929947,6833.2235265953
"WHIB","nb",2016,2,2018,95728,22276.58517,5995.42847695244,Inf,18.8408948884436,70149.9012116789
"WHIB","nb",2016,3,2019,21050,17653.08014,5625.73378947887,9.96464093839023,9.96448989092223,2443.5548131526
"WHIB","nb",2016,4,2020,22263,34501.03163,9529.32468806786,10.7177635342314,10.7175778384296,7325.6293022177
"WHIB","nb",2016,5,2021,64392,73221.9305,21110.6811432022,10.7740113220652,10.7739217092549,5408.3169270674
"WOST","nb",2016,1,2017,2359,2765.66184,939.37620028627,7.63758136162039,7.63749299310724,237.6869602546
"WOST","nb",2016,2,2018,3518,3981.92401,1309.42988322465,7.98969741661808,7.98960713218229,311.9251022729
"WOST","nb",2016,3,2019,970,1050.1932,369.805905087837,6.73250301992073,6.73241081606754,80.6558325718
"WOST","nb",2016,4,2020,1245,3089.252,923.911289008149,10.9767276900193,10.9742179538426,1338.029678344
"WOST","nb",2016,5,2021,2640,2766.63532,1369.00697393017,8.05276683043967,8.05266716090516,287.783694355
