"site","year","sample_id","nest_id","lat","long"
"6thBridge","2020",1,22601,26.1226599232534,-80.541498317138
"6thBridge","2020",2,26570,26.1223559377408,-80.5410150594295
"6thBridge","2020",3,25209,26.1226630952434,-80.5412585112775
"6thBridge","2020",4,26466,26.1226705881787,-80.5410982690824
"6thBridge","2020",5,21542,26.1214253545753,-80.5416597354049
"6thBridge","2020",6,19895,26.1229924540547,-80.5418038248686
"6thBridge","2020",7,19848,26.1231044592498,-80.5418056577714
"6thBridge","2020",8,22044,26.1241329167846,-80.5415841985728
"6thBridge","2020",9,22572,26.1227693456033,-80.5414959329097
"6thBridge","2020",10,25576,26.1207883599405,-80.5412294642581
"6thBridge","2020",11,20154,26.1222602437856,-80.5419007667132
"6thBridge","2020",12,19936,26.1226847790124,-80.541805192555
"6thBridge","2020",13,20262,26.1217401530307,-80.5419253591466
"6thBridge","2020",14,19912,26.1228093519687,-80.5418434171241
"6thBridge","2020",15,20214,26.1219158860224,-80.5419083122176
"6thBridge","2020",16,19686,26.123354565503,-80.5418669564399
"6thBridge","2020",17,20305,26.1215818442789,-80.5418955026625
"6thBridge","2020",18,19760,26.1232653606623,-80.5418879125926
"6thBridge","2020",19,19590,26.1215598401129,-80.5420071842574
"6thBridge","2020",20,20277,26.121803708046,-80.5418786474789
"6thBridge","2020",21,19684,26.1233422695725,-80.5418883142322
"6thBridge","2020",22,20302,26.1216211170378,-80.5419565597293
"6thBridge","2020",23,19909,26.1228092478992,-80.5418866120694
"6thBridge","2020",24,19901,26.122826189678,-80.5418307989273
"6thBridge","2020",25,20261,26.1217164689077,-80.5418959487043
"6thBridge","2020",26,20558,26.121304011291,-80.5418256962026
"6thBridge","2020",27,21018,26.1232325113657,-80.5416613303215
"6thBridge","2020",28,20803,26.1240871824621,-80.5416470887034
"6thBridge","2020",29,19907,26.122805551978,-80.5418767396972
"6thBridge","2020",30,20965,26.1234113737553,-80.5417491036023
"6thBridge","2020",31,24518,26.1206827669757,-80.5413799756302
"6thBridge","2020",32,20153,26.1222536572515,-80.5418217769445
"6thBridge","2020",33,22847,26.1218307542358,-80.5414851465781
"6thBridge","2020",34,21987,26.1208690660763,-80.5417016548482
"6thBridge","2020",35,19660,26.1237371992141,-80.5418037018258
"6thBridge","2020",36,23976,26.1226960902879,-80.541373791679
"6thBridge","2020",37,23998,26.1224584809155,-80.5413293994837
"6thBridge","2020",38,25219,26.1226430818522,-80.541188498533
"6thBridge","2020",39,19843,26.1230594573585,-80.5418410500586
"6thBridge","2020",40,24403,26.1208318807262,-80.541405736797
"6thBridge","2020",41,19651,26.1213417032206,-80.5419936008746
"6thBridge","2020",42,19664,26.1234552186591,-80.5418175624121
"6thBridge","2020",43,19663,26.1235084739326,-80.5418409986564
"6thBridge","2020",44,19610,26.1214217419922,-80.5419972724511
"6thBridge","2020",45,19659,26.1238821826796,-80.541800154231
"6thBridge","2020",46,19650,26.1214014005423,-80.5419845933441
"6thBridge","2020",47,19648,26.1213532973437,-80.5419624549711
"6thBridge","2020",48,19652,26.1213735073128,-80.541997129455
"6thBridge","2020",49,19646,26.1213634310764,-80.5419740285359
"6thBridge","2020",50,19665,26.1234386157328,-80.5418091976805
"6thBridge","2020",51,20601,26.1213773187184,-80.5418971294154
"6thBridge","2020",52,26360,26.1228538082146,-80.5410458544862
"6thBridge","2020",53,33574,26.1202106026225,-80.5393867274031
"6thBridge","2020",54,24804,26.1236176940337,-80.5412761019381
"6thBridge","2020",55,31121,26.120445360411,-80.5402686240644
"6thBridge","2020",56,23530,26.1236241461,-80.5414461526588
"6thBridge","2020",57,76233,26.1190931445102,-80.5393793694363
"6thBridge","2020",58,30952,26.1220113773328,-80.5402142827866
"6thBridge","2020",59,31674,26.1206473263912,-80.5401120297856
"6thBridge","2021",60,9601,26.1222474151004,-80.5413059413168
"6thBridge","2021",61,9352,26.1239592601267,-80.5415835789487
"6thBridge","2021",62,9480,26.1226552398706,-80.541483049105
"6thBridge","2021",63,9526,26.1208911445947,-80.5414470301961
"6thBridge","2021",64,9474,26.1227637789415,-80.5414966814437
"6thBridge","2021",65,9400,26.1219685354914,-80.5415756189994
"6thBridge","2021",66,9415,26.1212838044421,-80.5416036328014
"6thBridge","2021",67,9292,26.1232467334316,-80.541783561551
"6thBridge","2021",68,9503,26.1216131788374,-80.5415226632521
"6thBridge","2021",69,9350,26.1241301139131,-80.5415873288071
"6thBridge","2021",70,9249,26.1229175621599,-80.5418994979416
"6thBridge","2021",71,9250,26.1229255782687,-80.5418353233191
"6thBridge","2021",72,9213,26.1194289421823,-80.542868529364
"6thBridge","2021",73,9244,26.1233005394115,-80.5418377601423
"6thBridge","2021",74,9247,26.1229907555564,-80.5419041507837
"6thBridge","2021",75,9243,26.1233815177348,-80.5418499400593
"6thBridge","2021",76,9236,26.1231448789606,-80.5419840775926
"6thBridge","2021",77,9246,26.1231909010724,-80.5418852778964
"6thBridge","2021",78,9245,26.1232675077018,-80.5418618811441
"6thBridge","2021",79,9227,26.1232283989612,-80.5422270220605
"6thBridge","2021",80,9261,26.1216615102612,-80.5419672999429
"6thBridge","2021",81,9311,26.1222505819958,-80.5417375394226
"6thBridge","2021",82,9296,26.1229948840347,-80.5418031515897
"6thBridge","2021",83,9310,26.122377052861,-80.5417930917822
"6thBridge","2021",84,9260,26.1217309473463,-80.5418882138539
"6thBridge","2021",85,9323,26.1218765117182,-80.5418150023774
"6thBridge","2021",86,9325,26.1219019427791,-80.5417939180504
"6thBridge","2021",87,9235,26.1230996593353,-80.5420635457458
"6thBridge","2021",88,9268,26.121575308111,-80.5418571761413
"6thBridge","2021",89,9335,26.1216135084143,-80.5417741101955
"6thBridge","2021",90,99677,26.1224850089275,-80.5408499940039
"6thBridge","2021",91,96866,26.1221749536119,-80.5412683323257
"6thBridge","2021",92,97172,26.1215899912815,-80.5410067612475
"6thBridge","2021",93,98389,26.1225304716196,-80.5416881153093
"6thBridge","2021",94,98722,26.1233155221243,-80.5414063188414
"6thBridge","2021",95,10871,26.1198062907384,-80.5386576319864
"AlleyNorth","2021",96,39615,26.1954072314229,-80.5287360888083
"AlleyNorth","2021",97,39343,26.1972846631024,-80.5287494154564
"AlleyNorth","2021",98,44343,26.198942594815,-80.5270508184387
"AlleyNorth","2021",99,44140,26.195949596011,-80.5272867886306
"AlleyNorth","2021",100,41161,26.1955865283302,-80.5282398003145
"AlleyNorth","2021",101,39406,26.1969246799784,-80.5287540682996
"AlleyNorth","2021",102,44620,26.1972090237764,-80.5271154939689
"AlleyNorth","2021",103,43263,26.198720206662,-80.5274365249922
"AlleyNorth","2021",104,44532,26.1978175855007,-80.5270841498998
"AlleyNorth","2021",105,39090,26.1959195074902,-80.5288972031228
"AlleyNorth","2021",106,2863,26.196512856287,-80.528934975508
"AlleyNorth","2021",107,2884,26.199123147285,-80.5287913075605
"AlleyNorth","2021",108,2894,26.1985188731267,-80.5288236477762
"AlleyNorth","2021",109,2787,26.1970991978207,-80.5290627039541
"AlleyNorth","2021",110,2941,26.1984952457605,-80.5286565120676
"AlleyNorth","2021",111,2937,26.1988954580271,-80.52851459056
"AlleyNorth","2021",112,2973,26.1968740800488,-80.5278517715493
"AlleyNorth","2021",113,2876,26.1992301776582,-80.5288089596772
"AlleyNorth","2021",114,2862,26.1965154526435,-80.5289001989302
"AlleyNorth","2021",115,2793,26.1964912602515,-80.5291171340518
"AlleyNorth","2021",116,37873,26.196846091169,-80.52926910482
"AlleyNorth","2021",117,37837,26.1972071307504,-80.5292634146486
"AlleyNorth","2021",118,2885,26.1991015959264,-80.5287466781382
"AlleyNorth","2021",119,38392,26.1970230059048,-80.5290095010369
"AlleyNorth","2021",120,37388,26.197025968018,-80.5294050254188
"AlleyNorth","2021",121,37420,26.1969534899453,-80.5293736864975
"AlleyNorth","2021",122,37410,26.196943198671,-80.5293570001881
"AlleyNorth","2021",123,38410,26.1968700960509,-80.5290855915226
"AlleyNorth","2021",124,37180,26.1966749343049,-80.529513883313
"AlleyNorth","2021",125,37876,26.1968301154086,-80.5292923662467
"AlleyNorth","2021",126,37386,26.1969636565282,-80.5293393472549
"AlleyNorth","2021",127,40021,26.1960418872536,-80.5286398826878
"AlleyNorth","2021",128,38819,26.1975795303968,-80.5289486804308
"AlleyNorth","2021",129,37904,26.1967275995688,-80.5292391787912
"AlleyNorth","2021",130,37758,26.1975472884341,-80.5292795734647
"AlleyNorth","2021",131,39772,26.1980709194111,-80.5286328409951
"AlleyNorth","2021",132,37864,26.1970861530714,-80.5293012424216
"AlleyNorth","2021",133,41114,26.1958744237987,-80.5283210913181
"AlleyNorth","2021",134,37662,26.1983195622532,-80.529295148908
"AlleyNorth","2021",135,37509,26.1964919324849,-80.5293295160751
"AlleyNorth","2021",136,2843,26.1972515193224,-80.5288840228328
"AlleyNorth","2021",137,2877,26.1991886479015,-80.5287855789293
"AlleyNorth","2021",138,2917,26.1967452221483,-80.5288370602061
"AlleyNorth","2021",139,2960,26.1975174570159,-80.5282685960081
"AlleyNorth","2021",140,2880,26.1990753100346,-80.5287435163093
"AlleyNorth","2021",141,2902,26.1971451627147,-80.5287171696494
"AlleyNorth","2021",142,2905,26.1971577707453,-80.5287455267693
"AlleyNorth","2021",143,2817,26.1973396604031,-80.528923385759
"AlleyNorth","2021",144,2898,26.1975064125754,-80.5288392873237
"AlleyNorth","2021",145,2985,26.1980000636215,-80.5271365275363
"AlleyNorth","2021",146,39117,26.1955580945368,-80.528969291317
"AlleyNorth","2021",147,42821,26.1984968239507,-80.5276540286397
"AlleyNorth","2021",148,38110,26.1956421054175,-80.529199395918
"AlleyNorth","2021",149,41727,26.199009242162,-80.5278740048126
"AlleyNorth","2021",150,42387,26.1976288849177,-80.5278002855022
"AlleyNorth","2021",151,39922,26.1965753170923,-80.5286058978114
"AlleyNorth","2021",152,39422,26.1967447692632,-80.5287809155829
"AlleyNorth","2021",153,38391,26.1970839516106,-80.529126442228
"AlleyNorth","2021",154,38956,26.1968095182123,-80.5289919579519
"AlleyNorth","2021",155,37884,26.1968184205064,-80.5292649522921
"CypressCity","2020",156,1698,26.1235995320196,-80.5038689768463
"CypressCity","2020",157,7869,26.1236384486576,-80.5043597749016
"CypressCity","2020",158,57244,26.1233998297695,-80.5041373596904
"CypressCity","2020",159,57083,26.1241697816365,-80.5043438959867
"CypressCity","2020",160,1399,26.1239462368583,-80.504246927857
"CypressCity","2020",161,1465,26.1243034493874,-80.5041715654312
"CypressCity","2020",162,1441,26.1229661257495,-80.504285394429
"CypressCity","2020",163,1514,26.1237460597638,-80.5041917425421
"CypressCity","2020",164,1350,26.1232447801392,-80.5044196506438
"CypressCity","2020",165,1340,26.1235893108705,-80.5043901624672
"CypressCity","2020",166,1499,26.1240026735751,-80.5041500619676
"CypressCity","2020",167,1478,26.1241914836428,-80.5041685425124
"CypressCity","2020",168,1509,26.1238008171577,-80.5041486153894
"CypressCity","2020",169,1481,26.1241738513018,-80.5041523470727
"CypressCity","2020",170,1486,26.1241858148051,-80.5041379286581
"CypressCity","2020",171,60669,26.1242586156711,-80.5041589912118
"CypressCity","2020",172,8251,26.1236660142018,-80.5036117706474
"CypressCity","2020",173,8173,26.124134034651,-80.5038150155969
"CypressCity","2020",174,8247,26.1238610975487,-80.5036405863637
"CypressCity","2020",175,57341,26.1240988617153,-80.5037711807475
"CypressCity","2020",176,8123,26.1239241937166,-80.5038928150103
"CypressCity","2020",177,1368,26.1242354580924,-80.5043250882356
"CypressCity","2020",178,7983,26.1229321155402,-80.5042032100997
"CypressCity","2020",179,7971,26.1232646704347,-80.5042332458357
"CypressCity","2020",180,1683,26.1239518646497,-80.5038336024543
"CypressCity","2020",181,1383,26.1240951904635,-80.5043197394208
"CypressCity","2020",182,1323,26.1240359788812,-80.5043927829469
"CypressCity","2020",183,1297,26.1243045273686,-80.504459188615
"CypressCity","2020",184,1374,26.1241212725595,-80.5043583296559
"CypressCity","2020",185,1384,26.124080724941,-80.5043444046447
"CypressCity","2020",186,1387,26.1240864620917,-80.5043515180196
"CypressCity","2020",187,7832,26.124108850067,-80.504357089759
"CypressCity","2020",188,1386,26.1240842173936,-80.5043358653777
"CypressCity","2020",189,1385,26.1240922363293,-80.5043472583662
"CypressCity","2021",190,35172,26.1243289337617,-80.5040614315532
"CypressCity","2021",191,61399,26.1236655104187,-80.5039502745089
"CypressCity","2021",192,49656,26.1243015828886,-80.5042593197225
"CypressCity","2021",193,7519,26.1232524005173,-80.5038686016164
"CypressCity","2021",194,7420,26.123987587344,-80.5041843466499
"CypressCity","2021",195,35114,26.1240093210629,-80.5042334415485
"CypressCity","2021",196,7415,26.1243881260341,-80.5041044527118
"CypressCity","2021",197,7375,26.1239367359803,-80.5042450882964
"CypressCity","2021",198,49692,26.1244297018143,-80.5041624803047
"CypressCity","2021",199,7377,26.123861422631,-80.504247463445
"CypressCity","2021",200,49672,26.1239482736837,-80.504269398121
"CypressCity","2021",201,49804,26.1232559158166,-80.5037845741032
"CypressCity","2021",202,35117,26.123889960609,-80.504265926822
"CypressCity","2021",203,49759,26.1237879181824,-80.503831672653
"CypressCity","2021",204,119537,26.1238453896628,-80.5042436184666
"Jerrod","2020",205,2040,26.003593328705,-80.5964912698784
"Jerrod","2020",206,1997,26.0029268246341,-80.5967106118367
"Jerrod","2020",207,1926,26.0037997810056,-80.5965918226007
"Jerrod","2020",208,1952,26.0035037740241,-80.5966544879648
"Jerrod","2020",209,1984,26.0031917643858,-80.5966543582849
"Jerrod","2020",210,2058,26.0033067494905,-80.5964934143884
"Jerrod","2020",211,2063,26.0031880783344,-80.5964525728502
"Jerrod","2020",212,2122,26.0030527979167,-80.5960494984109
"Jerrod","2020",213,1859,26.0037458631449,-80.5967744442728
"Jerrod","2020",214,1823,26.0040006078686,-80.5969151156868
"Jerrod","2020",215,1842,26.0044560736488,-80.5967391097072
"Jerrod","2020",216,1828,26.0036056208135,-80.596928794237
"Jerrod","2020",217,1824,26.0037997378826,-80.5970354515644
"Jerrod","2020",218,1825,26.0038411054047,-80.5969500587276
"Jerrod","2020",219,1819,26.0040686904464,-80.5971046039413
"Jerrod","2020",220,1855,26.0037186467032,-80.5967727991346
"Jerrod","2020",221,1829,26.0035947265924,-80.5969246681865
"Jerrod","2020",222,1836,26.0031524711829,-80.5969203372296
"Jerrod","2020",223,1822,26.0042528801092,-80.5969780214941
"Jerrod","2020",224,1853,26.0039501704024,-80.5968006264855
"Jerrod","2020",225,1921,26.0037406942109,-80.5966291157149
"Jerrod","2020",226,15658,26.0025506028708,-80.5955598489042
"Jerrod","2021",227,15238,26.0040337120309,-80.596855071415
"Jerrod","2021",228,11781,26.0031548798746,-80.5964654787838
"Jerrod","2021",229,15313,26.0037325088994,-80.5966291794223
"Jerrod","2021",230,11564,26.0045794322436,-80.5969366524978
"Jerrod","2021",231,11568,26.0040596621938,-80.596903759236
"Jerrod","2021",232,15296,26.0032662245164,-80.5967268157004
"Jerrod","2021",233,11802,26.0028402562734,-80.5964566140651
"Jerrod","2021",234,11605,26.0031204024963,-80.5968959319951
"Jerrod","2021",235,11752,26.0037875978764,-80.5964028885125
"Jerrod","2021",236,11589,26.0040595939459,-80.5969017225875
"Jerrod","2021",237,11600,26.0032869921896,-80.596868837092
"Jerrod","2021",238,11615,26.0027283366381,-80.5968259785391
"Jerrod","2021",239,11630,26.0044107455561,-80.5966650747394
"Jerrod","2021",240,11652,26.0034136968379,-80.5966978644073
"Jerrod","2021",241,11657,26.0033286736222,-80.596740411365
"Jerrod","2021",242,11631,26.0043731199268,-80.5966873903251
"Jerrod","2021",243,11664,26.0029693211585,-80.5967516151237
"Jerrod","2021",244,11611,26.0028243297804,-80.5968354275758
"Jerrod","2021",245,11627,26.0044499764524,-80.5966779120862
"Jerrod","2021",246,11572,26.0029810356433,-80.5969784722232
"Jerrod","2021",247,34267,26.0034087259734,-80.5964607497945
"Jerrod","2021",248,34244,26.0033781068855,-80.5965986474501
"Jerrod","2021",249,16362,26.0033779820904,-80.5963144498832
"Jerrod","2021",250,51187,26.0049914923613,-80.5967960322772
"Jerrod","2021",251,195202,26.004987833735,-80.5967925607211
"Jerrod","2021",252,15288,26.0033564274491,-80.5966693415718
"JetportSouth","2020",253,8573,25.8045362941119,-80.8492572983663
"JetportSouth","2020",254,8522,25.8051235964235,-80.8492083757967
"JetportSouth","2020",255,8527,25.8050416865534,-80.8492092322263
"JetportSouth","2020",256,8549,25.804770577418,-80.8492023745669
"JetportSouth","2020",257,8545,25.8048321224699,-80.8491955377839
"JetportSouth","2020",258,8585,25.8042980243415,-80.8492866660875
"JetportSouth","2020",259,8552,25.8046342947193,-80.8492899590461
"JetportSouth","2020",260,8577,25.804395784178,-80.8492639568773
"JetportSouth","2020",261,8535,25.8048781707217,-80.8492135906684
"JetportSouth","2020",262,8524,25.8051291571679,-80.8492033659536
"JetportSouth","2020",263,8742,25.8047395405616,-80.8489824965803
"JetportSouth","2020",264,8821,25.8047856152509,-80.8488645394947
"JetportSouth","2020",265,8661,25.8048045055321,-80.8491121124522
"JetportSouth","2020",266,8428,25.8042338367081,-80.8495049710561
"JetportSouth","2020",267,8477,25.8042444786236,-80.8493774121367
"JetportSouth","2020",268,8473,25.8042526521324,-80.8493786852611
"JetportSouth","2020",269,8484,25.8042369640565,-80.8493989076117
"JetportSouth","2020",270,8561,25.8045432894397,-80.8492494224913
"JetportSouth","2020",271,8424,25.8042424233137,-80.8494912025156
"JetportSouth","2020",272,8429,25.8042264315785,-80.8494979520134
"JetportSouth","2020",273,8481,25.8042452358241,-80.8493676100446
"JetportSouth","2020",274,8426,25.804226486326,-80.8495080142045
"JetportSouth","2020",275,8560,25.8044911768945,-80.8492515177431
"JetportSouth","2021",276,62,25.8044964724657,-80.8500855949817
"JetportSouth","2021",277,56514,25.800923894992,-80.8472096170001
"JetportSouth","2021",278,675,25.8029544611516,-80.8486883244047
"JetportSouth","2021",279,1071,25.8043342890542,-80.8477252947412
"JetportSouth","2021",280,15,25.8040187731721,-80.8504918545315
"JetportSouth","2021",281,13615,25.802508512168,-80.8480645265116
"JetportSouth","2021",282,13437,25.8019165176291,-80.8484377888596
"JetportSouth","2021",283,80,25.8048297364016,-80.8499649859891
"JetportSouth","2021",284,579,25.8026969722804,-80.8489887159781
"JetportSouth","2021",285,489,25.8049765859983,-80.8490622126213
"JetportSouth","2021",286,198,25.8042810432217,-80.8494093483011
"JetportSouth","2021",287,187,25.8044842213241,-80.8493993685
"JetportSouth","2021",288,185,25.8044272904816,-80.8493846721697
"JetportSouth","2021",289,23,25.8038504703499,-80.8504889995006
"JetportSouth","2021",290,194,25.8042949850826,-80.8494629369569
"JetportSouth","2021",291,202,25.8042821739492,-80.8493618716652
"JetportSouth","2021",292,73,25.8042394473439,-80.850087993083
"JetportSouth","2021",293,189,25.8044463010005,-80.849389127427
"JetportSouth","2021",294,188,25.8044855112914,-80.8493628191913
"JetportSouth","2021",295,184,25.8045210018993,-80.8493562643116
"JetportSouth","2021",296,13878,25.8017920710597,-80.8476273722083
"JetportSouth","2021",297,12495,25.8043117699115,-80.8491508231586
"JetportSouth","2021",298,12803,25.8047455998244,-80.8489877674743
"JetportSouth","2021",299,12294,25.8008148328437,-80.849432316482
"JetportSouth","2021",300,13279,25.8028619252991,-80.8485228668041
"JetportSouth","2021",301,950,25.8021621329003,-80.8480611373175
"JetportSouth","2021",302,12360,25.8041783815,-80.8493994667331
"JetportSouth","2021",303,527,25.8046039350471,-80.8490463952607
"JetportSouth","2021",304,12802,25.8047489874959,-80.8489885885558
"JetportSouth","2021",305,246,25.8046949542383,-80.8492573524651
"JetportSouth","2021",306,1204,25.804017555001,-80.8474586727344
"JetportSouth","2021",307,95685,25.8043129913394,-80.8478397386143
"JetportSouth","2021",308,55916,25.8032209088978,-80.8478352794314
"JetportSouth","2021",309,722,25.8029725596901,-80.8485970623839
"JetportSouth","2021",310,55855,25.8026302891007,-80.8479669672518
"JetportSouth","2021",311,52847,25.8053146211918,-80.8482649648752
"JetportSouth","2021",312,53805,25.8048698878545,-80.8499424299736
"JetportSouth","2021",313,12068,25.8033647885291,-80.8504938855274
"JetportSouth","2021",314,13702,25.8006949744545,-80.8478707262515
"JetportSouth","2021",315,1030,25.801796328813,-80.8478100916949
"JetportSouth","2021",316,13187,25.8012906303977,-80.8486453217107
"JetportSouth","2021",317,55971,25.8017205844447,-80.8477816356969
"JetportSouth","2021",318,12568,25.8051842881154,-80.8490725048146
"JetportSouth","2021",319,52857,25.8051266969305,-80.8482759575529
"JetportSouth","2021",320,328,25.8056533800432,-80.849115624137
"JetportSouth","2021",321,144,25.804242009814,-80.8495106222371
"JetportSouth","2021",322,145,25.8042336131661,-80.8495130313608
"JetportSouth","2021",323,199,25.8042510090505,-80.8493673313847
"JetportSouth","2021",324,148,25.8042302502342,-80.8494711700782
"JetportSouth","2021",325,146,25.8042315379956,-80.8495009621284
"JetportSouth","2021",326,196,25.8042447572533,-80.8493702428667
"JetportSouth","2021",327,147,25.804222994474,-80.8494822937433
"JetportSouth","2021",328,197,25.804236912443,-80.849388169324
"JetportSouth","2021",329,186,25.8044736394247,-80.8493903264909
"JetportSouth","2021",330,201,25.8042459396412,-80.8493981504868
"Joule","2020",331,104688,26.0133513916021,-80.6310469351301
"Joule","2020",332,92723,26.0125117680931,-80.630837411896
"Joule","2020",333,7620,26.0121874043492,-80.631455808372
"Joule","2020",334,7645,26.0134103583663,-80.631089547744
"Joule","2020",335,7644,26.0134651896381,-80.6311132839404
"Joule","2020",336,7647,26.0128296589595,-80.6310741822889
"Joule","2020",337,7639,26.0121740393524,-80.6313098789039
"Joule","2020",338,7632,26.0127133044063,-80.6312498776002
"Joule","2020",339,7629,26.0133506819328,-80.6312302826375
"Joule","2020",340,7627,26.0115998415128,-80.631457367536
"Joule","2020",341,7635,26.0124303831713,-80.6312932369203
"Joule","2020",342,7616,26.0129504457454,-80.6314908125462
"Joule","2020",343,34914,26.0123127935782,-80.6309699554449
"Joule","2020",344,34960,26.0122398823325,-80.6308287210905
"Joule","2020",345,92677,26.012342929996,-80.6310082875053
"Joule","2020",346,112779,26.0122380145962,-80.6308081004934
"Joule","2020",347,7716,26.0122428176076,-80.6307997727022
"Joule","2020",348,34964,26.0122847162924,-80.6307902458666
"Joule","2021",349,2251,26.013404837281,-80.6309566199549
"Joule","2021",350,56875,26.0133724535413,-80.6308142498184
"Joule","2021",351,2170,26.0129055143299,-80.6314385011002
"Joule","2021",352,2160,26.0128321881468,-80.631593851108
"Joule","2021",353,2169,26.0130154028783,-80.6314749822921
"Joule","2021",354,2149,26.0127288546651,-80.6327143224647
"Joule","2021",355,2163,26.0126097407033,-80.6315693109475
"Joule","2021",356,2166,26.0122855036161,-80.631651032269
"Joule","2021",357,2172,26.0124670802192,-80.6315189781419
"Joule","2021",358,2171,26.0124762817141,-80.6314599662123
"Joule","2021",359,2161,26.0129425415222,-80.6315838063953
"Joule","2021",360,2164,26.0124683021144,-80.6315652703671
"Joule","2021",361,2178,26.0120109444465,-80.6314510621417
"Joule","2021",362,2408,26.0132825165882,-80.6302231624517
"Joule","2021",363,2440,26.0131324468,-80.6299698846934
"Joule","2021",364,2311,26.0139130893671,-80.6306338386666
"Joule","2021",365,2233,26.0141356254349,-80.6309149421571
"Joule","2021",366,2315,26.0139194865404,-80.6307070022726
"Joule","2021",367,2392,26.0134831086191,-80.6303389279757
"Joule","2021",368,2242,26.0139964488076,-80.6309978422681
"Joule","2021",369,2428,26.0128918972604,-80.6301020792345
"Joule","2021",370,2437,26.0131490170069,-80.6299425685762
"Joule","2021",371,2309,26.0139167950843,-80.630638047335
"Joule","2021",372,56961,26.0134406137259,-80.6303696132842
"StartMel","2020",373,3176,25.9489873181687,-80.6380454029517
"StartMel","2020",374,50300,25.9482247554192,-80.6383567556717
"StartMel","2020",375,3046,25.9478006385583,-80.6387122007566
"StartMel","2020",376,3054,25.9475020681756,-80.6387257487557
"StartMel","2020",377,3052,25.9474236663205,-80.6386616883571
"StartMel","2020",378,3028,25.9476947391657,-80.6387989774551
"StartMel","2020",379,3042,25.948211631456,-80.6386629422021
"StartMel","2020",380,3047,25.947793132836,-80.6387149748957
"StartMel","2020",381,3043,25.9480610197673,-80.6387340556696
"StartMel","2020",382,3051,25.9474251742053,-80.6386921808417
"StartMel","2020",383,3033,25.9486168179712,-80.6386073023846
"StartMel","2020",384,3038,25.9483315891048,-80.6386098470795
"StartMel","2021",385,19313,25.9482258061284,-80.6383588474937
"StartMel","2021",386,19205,25.9482409570029,-80.6386352349694
"StartMel","2021",387,19185,25.9478487394702,-80.6387817274127
"StartMel","2021",388,19207,25.9481946178498,-80.638655824778
"StartMel","2021",389,19189,25.9476554699791,-80.6387942661876
"StartMel","2021",390,19202,25.9486199200243,-80.63864454482
"StartMel","2021",391,19201,25.9485899720211,-80.6386647753755
"StartMel","2021",392,19186,25.9477654535715,-80.638768328182
"StartMel","2021",393,19193,25.9474284470499,-80.6387808104386
"StartMel","2021",394,19190,25.9475790958313,-80.6387667751894
"StartMel","2021",395,19204,25.9483900002728,-80.6386546315445
"StartMel","2021",396,34631,25.9488827127958,-80.6382604727308
"StartMel","2021",397,34784,25.9481568763609,-80.6372625279908
"StartMel","2021",398,34794,25.9479931015009,-80.6371121121676
"StartMel","2021",399,34769,25.9485777235755,-80.6373598285161
"StartMel","2021",400,69925,25.9485392524508,-80.6374223481472
"StartMel","2021",401,101850,25.9485256561669,-80.6373055546441
"StartMel","2021",402,19149,25.9488740979572,-80.6389505489147
"StartMel","2021",403,19280,25.9494395655269,-80.6384400798934
"Vacation","2020",404,89749,25.914572120576,-80.6300319967248
"Vacation","2020",405,102055,25.9145185211647,-80.6299261519311
"Vacation","2020",406,11460,25.9155421165771,-80.6303839386959
"Vacation","2020",407,11463,25.9151422642972,-80.6304692413507
"Vacation","2020",408,11453,25.9148637127308,-80.6307466545651
"Vacation","2020",409,11455,25.9149705249338,-80.6306238874311
"Vacation","2020",410,11507,25.913928869172,-80.6300672627043
"Vacation","2020",411,11480,25.9154543540924,-80.6303150347821
"Vacation","2020",412,11469,25.9147135817889,-80.6304075161808
"Vacation","2020",413,11464,25.9151028056752,-80.6304235828174
"Vacation","2020",414,11470,25.9146321643717,-80.6303949467501
"Vacation","2020",415,11461,25.9152476604281,-80.6304667819196
"Vacation","2020",416,11475,25.9140776354963,-80.6305478625432
"Vacation","2020",417,11472,25.9146538685027,-80.6303867823582
"Vacation","2020",418,11477,25.9137294791836,-80.6305008052662
"Vacation","2020",419,11467,25.914916996405,-80.6304799462508
"Vacation","2020",420,11474,25.9143857541813,-80.6304668831047
"Vacation","2020",421,11476,25.9140364877228,-80.6304145913955
"Vacation","2020",422,11457,25.9145435135232,-80.6305514999465
"Vacation","2020",423,11456,25.9149303940746,-80.6305891459542
"Vacation","2020",424,89700,25.9146306206262,-80.6302466921336
"Vacation","2020",425,101980,25.9146376089249,-80.6302343230433
"Vacation","2021",426,11170,25.9154413081767,-80.6302899051885
"Vacation","2021",427,11088,25.9154961759264,-80.6304618865149
"Vacation","2021",428,11173,25.9153599208412,-80.6302439038188
"Vacation","2021",429,11178,25.9151012184442,-80.6302814107201
"Vacation","2021",430,11191,25.9147024275573,-80.630283680485
"Vacation","2021",431,11187,25.9148281108735,-80.6302935768302
"Vacation","2021",432,11104,25.91419140228,-80.6305505972796
"Vacation","2021",433,11080,25.9149234044245,-80.6306840653477
"Vacation","2021",434,11160,25.9139942364117,-80.630439482781
"Vacation","2021",435,11180,25.9151122266943,-80.6302428074045
"Vacation","2021",436,11089,25.9152489104274,-80.6304687478789
"Vacation","2021",437,11096,25.914533964881,-80.6305400828435
"Vacation","2021",438,11106,25.9141029461742,-80.6305329296426
"Vacation","2021",439,11105,25.9141045044454,-80.630548499553
"Vacation","2021",440,11091,25.9152396078249,-80.6305081339195
"Vacation","2021",441,11107,25.9140788040522,-80.6304753032763
"Vacation","2021",442,11093,25.9149102995384,-80.6305812003844
"Vacation","2021",443,11090,25.9151963008731,-80.630552061134
"Vacation","2021",444,11098,25.9143701350424,-80.6304977171767
"Vacation","2021",445,11097,25.9143979995369,-80.6304666779021
"Vacation","2021",446,11307,25.9155206414874,-80.6297622166203
"Vacation","2021",447,11435,25.9145245164284,-80.6289971186668
"Vacation","2021",448,15725,25.9158856558715,-80.6303975691504
"Vacation","2021",449,11377,25.9148416149007,-80.629122921682
"Vacation","2021",450,11423,25.914624144266,-80.6289833621035
"Vacation","2021",451,11085,25.9157419967213,-80.6304876674843
"Vacation","2021",452,15720,25.9158574524491,-80.6303932665024
"Vacation","2021",453,11327,25.9152836776181,-80.6295195137692
"Vacation","2021",454,15805,25.9158516718768,-80.6303128088981
"Vacation","2021",455,14996,25.9157072553946,-80.6303535067909
"Vacation","2021",456,88597,25.9137451842241,-80.6293900695895
"Vacation","2021",457,11075,25.9135943913215,-80.6308850278382
"Vacation","2021",458,90495,25.9146584684124,-80.629042242041
