"site","year","sample_id","known_nest","nest_id","species","lat","long"
"6thBridge","2020",1,"yes","19542","White Ibis",26.1223937349828,-80.541961834325
"6thBridge","2020",2,"yes","19566","White Ibis",26.1218042975508,-80.5420018082587
"6thBridge","2020",3,"yes","19664","White Ibis",26.1234552186591,-80.5418175624121
"6thBridge","2020",4,"yes","19666","White Ibis",26.1234356495102,-80.5418227690249
"6thBridge","2020",5,"yes","19489","Great Egret",26.1194250969894,-80.5428589081742
"6thBridge","2020",6,"yes","19643","White Ibis",26.1213354860038,-80.5419820066419
"6thBridge","2020",7,"no","","Great Blue Heron",26.1216709995974,-80.5428337185453
"6thBridge","2020",8,"no","","Great Egret",26.1211903044136,-80.541965011602
"6thBridge","2020",9,"no","","Great Egret",26.1229610188447,-80.5420052940255
"6thBridge","2020",10,"yes","19665","White Ibis",26.123439405062,-80.5418093578169
"6thBridge","2020",11,"yes","19659","White Ibis",26.123883093827,-80.5418001941411
"6thBridge","2020",12,"no","","Great Egret",26.1215684533455,-80.5419908764755
"6thBridge","2020",13,"no","","Great Egret",26.1231203437533,-80.54198106608
"6thBridge","2020",14,"yes","19569","Great Egret",26.1218100871814,-80.5419997444336
"6thBridge","2020",15,"no","","Great Egret",26.1216365237549,-80.5420379090359
"6thBridge","2020",16,"no","","Great Egret",26.1216636846286,-80.5419864833945
"6thBridge","2020",17,"yes","19650","White Ibis",26.1214012172277,-80.5419858745019
"6thBridge","2020",18,"no","","Great Egret",26.1212612298308,-80.5419673100669
"6thBridge","2020",19,"no","","Snowy Egret",26.1227802907621,-80.542191996001
"6thBridge","2020",20,"no","","Great Egret",26.1212229463292,-80.5420487974263
"6thBridge","2020",21,"no","","Snowy Egret",26.1230961560482,-80.5419805599198
"6thBridge","2020",22,"yes","19652","White Ibis",26.1213744473674,-80.5419984069275
"6thBridge","2020",23,"no","","Roseate Spoonbill",26.1236025782439,-80.5420271279423
"6thBridge","2020",24,"no","","Great Egret",26.1217173189196,-80.5419413903487
"6thBridge","2020",25,"no","","Great Egret",26.1215195183183,-80.542013008164
"6thBridge","2020",26,"no","","Great Egret",26.1218304597137,-80.5419525522662
"6thBridge","2020",27,"yes","19648","White Ibis",26.1213532973437,-80.5419624549711
"6thBridge","2020",28,"no","","Great Egret",26.1226949942324,-80.5419379292179
"6thBridge","2020",29,"no","","Great Egret",26.1213797423146,-80.5419626299041
"6thBridge","2020",30,"yes","19651","White Ibis",26.1213412854872,-80.5419936224411
"6thBridge","2020",31,"no","","Great Egret",26.1227847817926,-80.5419385039859
"6thBridge","2020",32,"no","","Great Blue Heron",26.1194869001593,-80.5425030582821
"6thBridge","2020",33,"yes","19545","White Ibis",26.1223883191506,-80.541958625405
"6thBridge","2020",34,"yes","19663","White Ibis",26.1235084739327,-80.5418409986564
"6thBridge","2020",35,"yes","19646","White Ibis",26.1213623252659,-80.5419734770985
"6thBridge","2020",36,"no","","Great Egret",26.1228354996764,-80.5420175268828
"6thBridge","2020",37,"no","","Great Egret",26.1216579752127,-80.5420271348811
"6thBridge","2020",38,"yes","19660","Snowy Egret",26.1237371992141,-80.5418037018258
"6thBridge","2020",39,"no","","Great Egret",26.1216451772473,-80.542038805223
"6thBridge","2020",40,"yes","19590","Great Egret",26.1215598401129,-80.5420071842574
"6thBridge","2020",41,"no","","Great Egret",26.1192082595421,-80.5425196277578
"6thBridge","2020",42,"no","","Great Egret",26.1217462693648,-80.5419565555604
"6thBridge","2020",43,"yes","19614","White Ibis",26.1214210330438,-80.5419859161262
"6thBridge","2020",44,"yes","19667","White Ibis",26.1234407402487,-80.5418290326998
"6thBridge","2020",45,"yes","19571","Great Egret",26.1218357925461,-80.5420169390863
"6thBridge","2020",46,"yes","19661","White Ibis",26.1236366979629,-80.5417919819173
"6thBridge","2020",47,"no","","Great Egret",26.1229092197767,-80.5420862298009
"6thBridge","2020",48,"yes","19578","Roseate Spoonbill",26.1217008366677,-80.5419620122712
"6thBridge","2020",49,"yes","19668","White Ibis",26.1234706844321,-80.5418452025423
"6thBridge","2020",50,"yes","19610","White Ibis",26.1214217419922,-80.5419972724511
"6thBridge","2021",1,"no","","Great Egret",26.1195967009897,-80.5427900868563
"6thBridge","2021",2,"yes","9258","Great Egret",26.1217535236122,-80.5419380083107
"6thBridge","2021",3,"yes","9247","Great Egret",26.1229907555564,-80.5419041507837
"6thBridge","2021",4,"no","","Great Egret",26.1204702274565,-80.5422483485928
"6thBridge","2021",5,"no","","Snowy Egret",26.1209446814048,-80.5424871406004
"6thBridge","2021",6,"no","","Great Egret",26.1230910494942,-80.5420736423003
"6thBridge","2021",7,"yes","9227","Great Egret",26.1232283989612,-80.5422270220605
"6thBridge","2021",8,"no","","Roseate Spoonbill",26.1212048392936,-80.5430678141825
"6thBridge","2021",9,"yes","9257","Great Egret",26.1218566256027,-80.5419253419638
"6thBridge","2021",10,"no","","Snowy Egret",26.1209679783864,-80.5425530117094
"6thBridge","2021",11,"no","","Great Egret",26.1214705138643,-80.5430235333002
"6thBridge","2021",12,"no","","Snowy Egret",26.1208894303448,-80.5425090036066
"6thBridge","2021",13,"no","","Great Egret",26.1218119564115,-80.5427502370397
"6thBridge","2021",14,"yes","9260","Roseate Spoonbill",26.1217309473463,-80.5418882138539
"6thBridge","2021",15,"yes","9251","Great Egret",26.1223749039609,-80.541845609848
"6thBridge","2021",16,"no","","Roseate Spoonbill",26.1222200677027,-80.542093534152
"6thBridge","2021",17,"yes","9235","Roseate Spoonbill",26.1230996593353,-80.5420635457458
"6thBridge","2021",18,"yes","9274","Great Egret",26.1241385022196,-80.5418128014305
"6thBridge","2021",19,"no","","Roseate Spoonbill",26.1218308456682,-80.5424385583623
"6thBridge","2021",20,"yes","9246","Great Egret",26.123190813724,-80.5418851337686
"6thBridge","2021",21,"no","","Great Blue Heron",26.1195126325074,-80.5431980516634
"6thBridge","2021",22,"yes","9269","Great Egret",26.1215637326376,-80.5418663590429
"6thBridge","2021",23,"yes","9213","Great Egret",26.119429048565,-80.5428693749509
"6thBridge","2021",24,"no","","White Ibis",26.1243567245689,-80.5421293520259
"6thBridge","2021",25,"yes","9236","Great Egret",26.1231448789606,-80.5419840775926
"6thBridge","2021",26,"yes","9245","Great Egret",26.1232675077018,-80.5418618811441
"6thBridge","2021",27,"no","","Great Egret",26.1202597963192,-80.5432276013687
"6thBridge","2021",28,"no","","Great Egret",26.1188975503797,-80.5423092048771
"6thBridge","2021",29,"yes","9256","Great Egret",26.1217906268531,-80.5419436799242
"6thBridge","2021",30,"yes","9244","Great Egret",26.1233005394115,-80.5418377601423
"6thBridge","2021",31,"yes","9249","Great Egret",26.1229175621599,-80.5418994979416
"6thBridge","2021",32,"yes","9261","Roseate Spoonbill",26.1216615102612,-80.5419672999429
"6thBridge","2021",33,"yes","9268","Roseate Spoonbill",26.1215750445836,-80.5418574475143
"6thBridge","2021",34,"no","","Great Egret",26.1215999277545,-80.5430103724068
"6thBridge","2021",35,"no","","White Ibis",26.120138993377,-80.5432807292424
"6thBridge","2021",36,"yes","9262","Great Egret",26.1216501621137,-80.5419551973412
"6thBridge","2021",37,"no","","White Ibis",26.1233738053929,-80.5423958023768
"6thBridge","2021",38,"no","","Great Egret",26.1231116014476,-80.5421003608985
"6thBridge","2021",39,"no","","Roseate Spoonbill",26.1230989953357,-80.5420633185675
"6thBridge","2021",40,"no","","Great Egret",26.1231370996306,-80.5420513925835
"6thBridge","2021",41,"yes","9279","Great Egret",26.1237403240527,-80.5417897198827
"6thBridge","2021",42,"yes","9250","Great Egret",26.1229259641739,-80.5418355379068
"6thBridge","2021",43,"no","","Roseate Spoonbill",26.1203544886432,-80.5422019106479
"6thBridge","2021",44,"yes","9266","Great Egret",26.1215206262652,-80.5418816594033
"6thBridge","2021",45,"yes","9281","Great Egret",26.1234597942201,-80.541778956622
"6thBridge","2021",46,"no","","Great Egret",26.1232272192948,-80.54222675709
"6thBridge","2021",47,"yes","9280","Great Egret",26.1238115967984,-80.5416959820501
"6thBridge","2021",48,"yes","9243","Great Egret",26.1233815177348,-80.5418499400593
"6thBridge","2021",49,"no","","Great Egret",26.1194152166315,-80.5430872809277
"6thBridge","2021",50,"no","","Wood Stork",26.1202605642336,-80.5432457542469
"AlleyNorth","2021",1,"yes","2974","Great Egret",26.1966882709839,-80.5278474140822
"AlleyNorth","2021",2,"yes","2860","Great Egret",26.1966481076532,-80.5289541591393
"AlleyNorth","2021",3,"no","","Great Egret",26.1969235496265,-80.5294801127347
"AlleyNorth","2021",4,"no","","Great Egret",26.1968430024902,-80.5295179130455
"AlleyNorth","2021",5,"yes","2905","White Ibis",26.1971577016228,-80.5287452405156
"AlleyNorth","2021",6,"yes","2876","Great Egret",26.1992301776582,-80.5288089596772
"AlleyNorth","2021",7,"no","","Great Egret",26.1967234962439,-80.5294480130765
"AlleyNorth","2021",8,"no","","White Ibis",26.1967288274807,-80.5295087148401
"AlleyNorth","2021",9,"no","","White Ibis",26.1967472741696,-80.5295129616521
"AlleyNorth","2021",10,"no","","Great Egret",26.1967516146873,-80.5295988661207
"AlleyNorth","2021",11,"no","","White Ibis",26.1970483784246,-80.5294462903101
"AlleyNorth","2021",12,"yes","2884","Great Egret",26.1991223594948,-80.5287920357475
"AlleyNorth","2021",13,"no","","White Ibis",26.1967346569231,-80.5295191464382
"AlleyNorth","2021",14,"no","","Snowy Egret",26.1984109984353,-80.5299992470982
"AlleyNorth","2021",15,"yes","2973","Great Egret",26.1968740800488,-80.5278517715493
"AlleyNorth","2021",16,"yes","2825","Great Egret",26.1971184700422,-80.5288858412559
"AlleyNorth","2021",17,"no","","Great Egret",26.1970429683968,-80.5294476260102
"AlleyNorth","2021",18,"no","","Great Egret",26.198546901618,-80.529778181529
"AlleyNorth","2021",19,"yes","2917","White Ibis",26.1967454516421,-80.5288369079264
"AlleyNorth","2021",20,"no","","White Ibis",26.196729410701,-80.5295168044938
"AlleyNorth","2021",21,"no","","Great Egret",26.1951658694016,-80.5297521722378
"AlleyNorth","2021",22,"no","","Great Egret",26.1971634095652,-80.5294686150639
"AlleyNorth","2021",23,"yes","2808","Roseate Spoonbill",26.1985612292959,-80.5289209467485
"AlleyNorth","2021",24,"yes","2941","Great Egret",26.1984952457605,-80.5286565120676
"AlleyNorth","2021",25,"yes","2793","Great Egret",26.1964916679373,-80.5291163871329
"AlleyNorth","2021",26,"yes","2924","White Ibis",26.2017338398021,-80.528517115332
"AlleyNorth","2021",27,"yes","2877","White Ibis",26.1991893081184,-80.5287869430376
"AlleyNorth","2021",28,"no","","Great Egret",26.1968314504261,-80.5297762804379
"AlleyNorth","2021",29,"no","","Great Egret",26.1961717259053,-80.5300660905592
"AlleyNorth","2021",30,"yes","2885","White Ibis",26.1991013721582,-80.5287456923275
"AlleyNorth","2021",31,"no","","Great Egret",26.1985667258203,-80.5297567362629
"AlleyNorth","2021",32,"yes","2898","White Ibis",26.1975059561866,-80.5288389434395
"AlleyNorth","2021",33,"yes","2937","Great Egret",26.1988954580271,-80.52851459056
"AlleyNorth","2021",34,"no","","White Ibis",26.196773812165,-80.5295153380586
"AlleyNorth","2021",35,"yes","2880","Great Egret",26.1990750786323,-80.5287423194838
"AlleyNorth","2021",36,"yes","2787","Great Egret",26.1970991978207,-80.5290627039541
"AlleyNorth","2021",37,"no","","Great Egret",26.1978414041599,-80.5295492156696
"AlleyNorth","2021",38,"yes","2817","White Ibis",26.1973398872875,-80.5289232385158
"AlleyNorth","2021",39,"yes","2843","White Ibis",26.1972506703668,-80.5288830359742
"AlleyNorth","2021",40,"yes","2862","Great Egret",26.1965153564626,-80.5289007339947
"AlleyNorth","2021",41,"yes","2918","Great Egret",26.1967386135456,-80.5288363625856
"AlleyNorth","2021",42,"no","","Great Egret",26.1998721658778,-80.529433925499
"AlleyNorth","2021",43,"yes","2863","Great Egret",26.196512856287,-80.528934975508
"AlleyNorth","2021",44,"no","","Great Egret",26.1970450884129,-80.5294584500137
"AlleyNorth","2021",45,"no","","Great Egret",26.1975721433491,-80.529666773003
"AlleyNorth","2021",46,"no","","Snowy Egret",26.1982120039809,-80.5298382586211
"AlleyNorth","2021",47,"no","","Great Blue Heron",26.1983975209084,-80.5295941286115
"AlleyNorth","2021",48,"yes","2894","Great Egret",26.1985188731266,-80.5288236477762
"AlleyNorth","2021",49,"no","","Great Egret",26.1981342358337,-80.529907467946
"AlleyNorth","2021",50,"yes","2902","White Ibis",26.1971451627147,-80.5287171696494
"CypressCity","2020",1,"yes","1603","Great Egret",26.123806764268,-80.5039271301878
"CypressCity","2020",2,"yes","1465","Great Egret",26.1243034493874,-80.5041715654312
"CypressCity","2020",3,"yes","1323","Wood Stork",26.12403648583,-80.5043926662667
"CypressCity","2020",4,"no","","Roseate Spoonbill",26.1239336303515,-80.5045812859839
"CypressCity","2020",5,"yes","1384","Wood Stork",26.1240812753527,-80.5043446005967
"CypressCity","2020",6,"yes","1319","Great Egret",26.1240457030533,-80.504396120809
"CypressCity","2020",7,"no","","Great Egret",26.1225097222087,-80.5045596137803
"CypressCity","2020",8,"no","","Great Egret",26.1242045999814,-80.5046498416655
"CypressCity","2020",9,"no","","Great Egret",26.1240358083384,-80.5045995932609
"CypressCity","2020",10,"no","","Great Egret",26.1240676516339,-80.5046527701729
"CypressCity","2020",11,"no","","Wood Stork",26.1241538258497,-80.5045662116609
"CypressCity","2020",12,"yes","1509","Great Egret",26.1238008171577,-80.5041486153894
"CypressCity","2020",13,"yes","1568","Roseate Spoonbill",26.1229500430252,-80.5041905001691
"CypressCity","2020",14,"no","","Great Egret",26.1237702426321,-80.5046624218082
"CypressCity","2020",15,"yes","1399","Great Egret",26.1239473781222,-80.5042483872955
"CypressCity","2020",16,"yes","1385","Wood Stork",26.1240922486636,-80.504347767014
"CypressCity","2020",17,"no","","Wood Stork",26.1241467032879,-80.5045754309186
"CypressCity","2020",18,"no","","Wood Stork",26.1242105289142,-80.5045867770505
"CypressCity","2020",19,"yes","1591","Great Egret",26.1240193775789,-80.5039576666974
"CypressCity","2020",20,"yes","1350","Great Egret",26.1232447801392,-80.5044196506438
"CypressCity","2020",21,"yes","1535","Great Egret",26.1232794322853,-80.5040869931541
"CypressCity","2020",22,"yes","1441","Great Egret",26.1229661257495,-80.504285394429
"CypressCity","2020",23,"yes","1387","Wood Stork",26.1240864620917,-80.5043515180196
"CypressCity","2020",24,"no","","Great Egret",26.123778173646,-80.5046668536861
"CypressCity","2020",25,"yes","1486","Roseate Spoonbill",26.1241858148051,-80.5041379286581
"CypressCity","2020",26,"no","","Great Egret",26.1241518559087,-80.5046358125592
"CypressCity","2020",27,"no","","Great Egret",26.123801712639,-80.5045591714176
"CypressCity","2020",28,"no","","Great Egret",26.123826451088,-80.504634814488
"CypressCity","2020",29,"yes","1538","Great Egret",26.123328063063,-80.5042205633028
"CypressCity","2020",30,"no","","Wood Stork",26.1242015436306,-80.5045828897182
"CypressCity","2020",31,"yes","1481","Great Egret",26.1241738513018,-80.5041523470727
"CypressCity","2020",32,"yes","1374","Wood Stork",26.1241212725595,-80.5043583296559
"CypressCity","2020",33,"no","","Great Egret",26.1238339175813,-80.5047059819289
"CypressCity","2020",34,"yes","1383","Wood Stork",26.1240951904635,-80.5043197394208
"CypressCity","2020",35,"yes","1514","Great Egret",26.1237460187082,-80.5041913232139
"CypressCity","2020",36,"yes","1478","Great Egret",26.1241913712287,-80.5041690281013
"CypressCity","2020",37,"yes","1340","Great Egret",26.1235893108705,-80.5043901624672
"CypressCity","2020",38,"no","","Wood Stork",26.1241700521388,-80.5045694045338
"CypressCity","2020",39,"yes","1386","Wood Stork",26.1240842173936,-80.5043358653777
"CypressCity","2020",40,"no","","Wood Stork",26.1242053305538,-80.5045842831972
"CypressCity","2020",41,"no","","Snowy Egret",26.1240818404616,-80.5045644929597
"CypressCity","2020",42,"yes","1499","Great Egret",26.1240026735751,-80.5041500619676
"CypressCity","2020",43,"no","","Great Egret",26.124065783116,-80.5045763761874
"CypressCity","2020",44,"no","","Wood Stork",26.1241679343435,-80.5045625134355
"CypressCity","2020",45,"yes","1297","Wood Stork",26.1243045273686,-80.504459188615
"CypressCity","2020",46,"no","","Great Egret",26.1239237782241,-80.5045592972654
"CypressCity","2020",47,"no","","Great Egret",26.1233790122155,-80.5045529550695
"CypressCity","2020",48,"no","","Great Egret",26.1228602444509,-80.5049842935779
"CypressCity","2020",49,"no","","Great Egret",26.1240016404745,-80.5049873096731
"CypressCity","2020",50,"no","","Wood Stork",26.1242064912573,-80.5045729206403
"CypressCity","2021",1,"no","","Great Blue Heron",26.1240984921214,-80.5044495189805
"CypressCity","2021",2,"no","","White Ibis",26.123906850619,-80.5045774399884
"CypressCity","2021",3,"yes","35122","Great Egret",26.1239090251657,-80.5042942117087
"CypressCity","2021",4,"yes","7519","Great Egret",26.1232524005173,-80.5038686016164
"CypressCity","2021",5,"no","","Great Egret",26.1239279009396,-80.5043845818777
"CypressCity","2021",6,"yes","119537","Roseate Spoonbill",26.1238453896628,-80.5042436184666
"CypressCity","2021",7,"no","","Great Egret",26.1239307686714,-80.5042480847944
"CypressCity","2021",8,"yes","35172","Great Blue Heron",26.1243289337617,-80.5040614315532
"CypressCity","2021",9,"yes","7377","Great Egret",26.123861422631,-80.504247463445
"CypressCity","2021",10,"yes","49672","Great Egret",26.1239482736837,-80.504269398121
"CypressCity","2021",11,"yes","49692","Great Egret",26.1244297018143,-80.5041624803047
"CypressCity","2021",12,"no","","Great Egret",26.1242529762009,-80.5044795325384
"CypressCity","2021",13,"no","","Great Egret",26.1242989112918,-80.5042593930031
"CypressCity","2021",14,"no","","Roseate Spoonbill",26.1240605150098,-80.5050560569878
"CypressCity","2021",15,"no","","Great Egret",26.1242629032654,-80.5043318675453
"CypressCity","2021",16,"no","","Roseate Spoonbill",26.1240599056225,-80.5051255294815
"CypressCity","2021",17,"yes","7420","Great Egret",26.123987587344,-80.5041843466499
"CypressCity","2021",18,"no","","Great Blue Heron",26.1242729879758,-80.5043168992737
"CypressCity","2021",19,"yes","61334","Great Egret",26.1239010274185,-80.5041141063401
"CypressCity","2021",20,"yes","35114","Great Egret",26.1240093210629,-80.5042334415486
"CypressCity","2021",21,"yes","35117","Roseate Spoonbill",26.123889960609,-80.504265926822
"CypressCity","2021",22,"yes","7415","Great Egret",26.1243881260341,-80.5041044527118
"CypressCity","2021",23,"no","","Great Blue Heron",26.1241829693467,-80.504357342304
"CypressCity","2021",24,"no","","Wood Stork",26.1241355232751,-80.5043242176242
"CypressCity","2021",25,"yes","61399","Wood Stork",26.1236656542171,-80.5039511962505
"CypressCity","2021",26,"yes","49804","Great Egret",26.1232561076766,-80.5037857721485
"CypressCity","2021",27,"no","","Great Egret",26.1237388764764,-80.5044643748545
"CypressCity","2021",28,"no","","Great Blue Heron",26.1240841809164,-80.5044603527429
"CypressCity","2021",29,"yes","49759","Roseate Spoonbill",26.1237879181824,-80.503831672653
"CypressCity","2021",30,"no","","Wood Stork",26.1240037625702,-80.5049801998345
"CypressCity","2021",31,"no","","Great Egret",26.1242494585752,-80.5044770494169
"CypressCity","2021",32,"yes","35262","Great Egret",26.1233482508369,-80.5036807997784
"Jerrod","2020",1,"yes","1828","Great Egret",26.003605658335,-80.5969287466987
"Jerrod","2020",2,"yes","1899","Great Egret",26.0027688861177,-80.5968237314915
"Jerrod","2020",3,"yes","1836","Great Egret",26.0031521155335,-80.5969201832617
"Jerrod","2020",4,"yes","1855","Great Egret",26.0037186467032,-80.5967727991346
"Jerrod","2020",5,"no","","Great Egret",26.0039515668867,-80.5968002986537
"Jerrod","2020",6,"no","","Great Blue Heron",26.0037027283164,-80.5969024657243
"Jerrod","2020",7,"yes","1891","Great Egret",26.0030127382682,-80.5967754412402
"Jerrod","2020",8,"no","","Great Egret",26.0035885070184,-80.5968939244832
"Jerrod","2020",9,"no","","Roseate Spoonbill",26.0039574344537,-80.59760291766
"Jerrod","2020",10,"no","","Great Egret",26.0034979085993,-80.5968792380637
"Jerrod","2020",11,"yes","1913","Great Egret",26.0039155025513,-80.5966220287398
"Jerrod","2020",12,"yes","1897","Great Egret",26.0027188132271,-80.5968282371105
"Jerrod","2020",13,"no","","Great Egret",26.0040113413005,-80.5968521709525
"Jerrod","2020",14,"yes","1892","Great Egret",26.0031019529222,-80.5967497108217
"Jerrod","2020",15,"yes","1825","Great Egret",26.0038411054047,-80.5969500587276
"Jerrod","2020",16,"yes","1829","Great Egret",26.0035947265924,-80.5969246681865
"Jerrod","2020",17,"no","","Great Egret",26.0035949519421,-80.5968692305494
"Jerrod","2020",18,"no","","Great Egret",26.0045828557303,-80.5972708416588
"Jerrod","2020",19,"no","","Great Blue Heron",26.0043560527373,-80.5968661754598
"Jerrod","2020",20,"yes","1853","Great Egret",26.0039501704024,-80.5968006264855
"Jerrod","2020",21,"yes","1874","Great Egret",26.0033473311169,-80.5968727156202
"Jerrod","2020",22,"yes","1842","Great Egret",26.004454960485,-80.5967399652584
"Jerrod","2020",23,"no","","Great Egret",26.0034955066348,-80.5968509351308
"Jerrod","2020",24,"no","","Roseate Spoonbill",26.0045521505219,-80.5977197877539
"Jerrod","2020",25,"no","","Great Blue Heron",26.0046712652769,-80.5968452965703
"Jerrod","2020",26,"no","","Great Blue Heron",26.0040009170487,-80.5969153633553
"Jerrod","2020",27,"yes","1896","Great Egret",26.0027466465172,-80.5968282380668
"Jerrod","2020",28,"no","","Roseate Spoonbill",26.0048363310294,-80.5969745374906
"Jerrod","2020",29,"no","","Roseate Spoonbill",26.0036860266959,-80.5972008428151
"Jerrod","2020",30,"no","","Great Egret",26.0044962846408,-80.5969268692483
"Jerrod","2020",31,"yes","1822","Great Egret",26.0042528801092,-80.5969780214941
"Jerrod","2020",32,"yes","1823","Great Blue Heron",26.0040006078686,-80.5969151156868
"Jerrod","2020",33,"yes","1859","Great Blue Heron",26.0037458631449,-80.5967744442728
"Jerrod","2020",34,"yes","1826","Great Blue Heron",26.0038323063605,-80.5969230441965
"Jerrod","2020",35,"yes","1921","Roseate Spoonbill",26.0037406942109,-80.5966291157149
"Jerrod","2020",36,"no","","Roseate Spoonbill",26.0043862851185,-80.5968386526549
"Jerrod","2020",37,"no","","Great Egret",26.003718037394,-80.5969105602259
"Jerrod","2020",38,"no","","Great Egret",26.0036139486199,-80.5969097436671
"Jerrod","2020",39,"yes","1877","Great Egret",26.0033631451605,-80.596783721791
"Jerrod","2020",40,"no","","Great Egret",26.0036054094744,-80.5969280354304
"Jerrod","2020",41,"no","","Great Blue Heron",26.0037502264025,-80.5970586588161
"Jerrod","2020",42,"no","","Great Egret",26.0035966434457,-80.5970157458231
"Jerrod","2020",43,"yes","1876","Great Egret",26.0032703628892,-80.5968565280538
"Jerrod","2020",44,"no","","Great Egret",26.0035985847397,-80.5969156236152
"Jerrod","2020",45,"yes","1819","Great Egret",26.0040686904464,-80.5971046039413
"Jerrod","2020",46,"yes","1888","Great Egret",26.0031085198371,-80.5967530258238
"Jerrod","2020",47,"no","","Great Blue Heron",26.0045250018301,-80.5971763805306
"Jerrod","2020",48,"yes","1824","Great Egret",26.0037997378826,-80.5970354515644
"Jerrod","2020",49,"no","","Great Egret",26.0038065592703,-80.5968482885906
"Jerrod","2020",50,"yes","1813","Great Egret",26.0043407021155,-80.5972300759293
"Jerrod","2021",1,"no","","Great Egret",26.0045020241385,-80.5969378027196
"Jerrod","2021",2,"yes","11604","Great Egret",26.003176437442,-80.5968597555548
"Jerrod","2021",3,"yes","11568","Great Blue Heron",26.0040596621938,-80.596903759236
"Jerrod","2021",4,"no","","Great Egret",26.0044959062476,-80.5969528379739
"Jerrod","2021",5,"no","","Roseate Spoonbill",26.0036000235016,-80.596924331298
"Jerrod","2021",6,"yes","11600","Great Egret",26.0032869921896,-80.596868837092
"Jerrod","2021",7,"yes","11627","Great Egret",26.0044499764524,-80.5966779120862
"Jerrod","2021",8,"no","","Roseate Spoonbill",26.0043492156121,-80.5975523154541
"Jerrod","2021",9,"yes","11631","Great Egret",26.0043731199268,-80.5966873903251
"Jerrod","2021",10,"yes","11699","Great Egret",26.0033318256333,-80.5966082210779
"Jerrod","2021",11,"yes","11615","Great Egret",26.0027283366381,-80.5968259785391
"Jerrod","2021",12,"no","","Great Blue Heron",26.00474730755,-80.5969316562384
"Jerrod","2021",13,"no","","Great Blue Heron",26.0048292551203,-80.5968915678795
"Jerrod","2021",14,"yes","11668","Great Egret",26.002725332093,-80.5966918763679
"Jerrod","2021",15,"yes","11572","Great Egret",26.0029810356433,-80.5969784722232
"Jerrod","2021",16,"no","","Great Egret",26.0043667080349,-80.5968790236244
"Jerrod","2021",17,"no","","Great Egret",26.0033441474172,-80.5968828625124
"Jerrod","2021",18,"no","","Great Egret",26.0033091261867,-80.5968699173589
"Jerrod","2021",19,"yes","11573","Great Egret",26.0027782031428,-80.5969593159088
"Jerrod","2021",20,"no","","Great Blue Heron",26.0040594565716,-80.5969014756957
"Jerrod","2021",21,"no","","Great Blue Heron",26.0045790458256,-80.5969368014862
"Jerrod","2021",22,"no","","Great Egret",26.0032872295794,-80.5968684795058
"Jerrod","2021",23,"no","","Great Egret",26.0043708886264,-80.5968850536828
"Jerrod","2021",24,"no","","Great Egret",26.0044655695236,-80.5976038065588
"Jerrod","2021",25,"yes","11657","Great Egret",26.0033286736222,-80.596740411365
"Jerrod","2021",26,"yes","11652","Great Egret",26.0034136968379,-80.5966978644073
"Jerrod","2021",27,"no","","Great Blue Heron",26.0040887020925,-80.5968616701733
"Jerrod","2021",28,"yes","11664","Great Blue Heron",26.0029691449053,-80.5967520110865
"Jerrod","2021",29,"yes","11611","Great Egret",26.0028243297804,-80.5968354275758
"Jerrod","2021",30,"yes","11674","Great Egret",26.0026074317876,-80.5967607173531
"Jerrod","2021",31,"yes","11597","Great Egret",26.0034098954169,-80.5967880671041
"Jerrod","2021",32,"yes","11605","Great Blue Heron",26.0031204024963,-80.5968959319951
"Jerrod","2021",33,"no","","Roseate Spoonbill",26.0049337559109,-80.5969728055633
"Jerrod","2021",34,"yes","11589","Great Blue Heron",26.0040595939459,-80.5969017225875
"Jerrod","2021",35,"no","","Roseate Spoonbill",26.0051798425685,-80.5968023970605
"Jerrod","2021",36,"yes","11608","Great Egret",26.0029367256266,-80.5968144856589
"Jerrod","2021",37,"no","","Great Egret",26.0051855037464,-80.5967887802932
"Jerrod","2021",38,"no","","Great Egret",26.0031904555734,-80.5969091390498
"Jerrod","2021",39,"no","","Great Egret",26.0025673776093,-80.5968779168304
"Jerrod","2021",40,"yes","11630","Great Egret",26.0044106415266,-80.5966651299193
"Jerrod","2021",41,"no","","Snowy Egret",26.0044221085098,-80.5976979176777
"Jerrod","2021",42,"no","","Roseate Spoonbill",26.0037917280663,-80.59703668233
"Jerrod","2021",43,"yes","11711","Great Egret",26.0031188855379,-80.59659375215
"Jerrod","2021",44,"no","","Great Blue Heron",26.0035779624501,-80.5970024291144
"Jerrod","2021",45,"yes","11707","Great Egret",26.0032278482406,-80.5966199406154
"Jerrod","2021",46,"no","","Great Egret",26.0025794494602,-80.5968675394026
"Jerrod","2021",47,"no","","Great Egret",26.0025101168785,-80.5968737506071
"Jerrod","2021",48,"yes","11686","Great Egret",26.0037630200228,-80.5965812518465
"Jerrod","2021",49,"yes","11564","Great Blue Heron",26.0045793702759,-80.5969368749425
"Jerrod","2021",50,"yes","11727","Great Egret",26.0025928277536,-80.5964997393656
"Jerrod","2021.shp",1,"yes","91337","Tree",0.197343240121894,-85.4021162982844
"Jerrod","2021.shp",2,"yes","87762","Tree",0.215470480335058,-85.3531526173407
"Jerrod","2021.shp",3,"yes","18879","Tree",0.261382259557152,-85.3511031042078
"JetportSouth","2020",1,"yes","8535","Great Egret",25.8048779234264,-80.8492131660635
"JetportSouth","2020",2,"yes","8481","Wood Stork",25.8042452358241,-80.8493676100446
"JetportSouth","2020",3,"no","","Great Egret",25.8041009977716,-80.8505055265898
"JetportSouth","2020",4,"yes","8484","Wood Stork",25.8042369640565,-80.8493989076117
"JetportSouth","2020",5,"no","","Great Egret",25.8033424184279,-80.8504297286732
"JetportSouth","2020",6,"no","","Great Blue Heron",25.8041095153731,-80.8503832233941
"JetportSouth","2020",7,"no","","Snowy Egret",25.8036252433409,-80.8505865649651
"JetportSouth","2020",8,"yes","8552","Great Egret",25.8046342947193,-80.8492899590461
"JetportSouth","2020",9,"yes","8426","Wood Stork",25.804226486326,-80.8495080142045
"JetportSouth","2020",10,"yes","8522","Great Egret",25.8051235964235,-80.8492083757967
"JetportSouth","2020",11,"yes","8473","Wood Stork",25.8042526521324,-80.8493786852611
"JetportSouth","2020",12,"yes","8577","Great Egret",25.804395784178,-80.8492639568773
"JetportSouth","2020",13,"no","","Great Egret",25.8042501861821,-80.8504715627983
"JetportSouth","2020",14,"yes","8565","Wood Stork",25.8044866530073,-80.8492451832888
"JetportSouth","2020",15,"no","","Great Egret",25.8043596595501,-80.8502668917863
"JetportSouth","2020",16,"yes","8563","Wood Stork",25.8045459714323,-80.8492350039644
"JetportSouth","2020",17,"no","","Great Egret",25.803441600222,-80.8503853958805
"JetportSouth","2020",18,"yes","8424","Wood Stork",25.8042424233137,-80.8494912025156
"JetportSouth","2020",19,"no","","Great Blue Heron",25.8038536588046,-80.8505788185282
"JetportSouth","2020",20,"yes","8477","Wood Stork",25.8042441135979,-80.8493771404402
"JetportSouth","2020",21,"yes","8531","Great Egret",25.8048718751193,-80.8492151340653
"JetportSouth","2020",22,"yes","8545","Great Egret",25.8048327187516,-80.8491946911556
"JetportSouth","2020",23,"yes","8428","Wood Stork",25.8042338367081,-80.8495049710561
"JetportSouth","2020",24,"yes","8362","Great Egret",25.8042406097778,-80.8500881428581
"JetportSouth","2020",25,"no","","Great Egret",25.8038489444604,-80.8504896023629
"JetportSouth","2020",26,"yes","8568","Wood Stork",25.8044949681185,-80.849244472271
"JetportSouth","2020",27,"no","","Roseate Spoonbill",25.8041359063694,-80.8504813970038
"JetportSouth","2020",28,"no","","Great Egret",25.803766573175,-80.850425837645
"JetportSouth","2020",29,"no","","Great Blue Heron",25.8040184338205,-80.850493768374
"JetportSouth","2020",30,"no","","Snowy Egret",25.8042734173761,-80.8503444806982
"JetportSouth","2020",31,"yes","8579","Great Egret",25.8044059118265,-80.8492735285117
"JetportSouth","2020",32,"yes","8549","Great Egret",25.804770577418,-80.8492023745669
"JetportSouth","2020",33,"no","","Great Blue Heron",25.8043271800329,-80.8502905850044
"JetportSouth","2020",34,"no","","Great Egret",25.8033130979932,-80.8504306734517
"JetportSouth","2020",35,"yes","8573","Great Egret",25.8045362941119,-80.8492572983663
"JetportSouth","2020",36,"no","","Great Egret",25.8034084117659,-80.8504968643479
"JetportSouth","2020",37,"yes","8561","Wood Stork",25.8045432894397,-80.8492494224913
"JetportSouth","2020",38,"no","","White Ibis",25.8037691739826,-80.8506342590892
"JetportSouth","2020",39,"no","","Great Egret",25.8035851211847,-80.8504254163989
"JetportSouth","2020",40,"yes","8560","Wood Stork",25.8044917819977,-80.84925179252
"JetportSouth","2020",41,"no","","Snowy Egret",25.8042912576443,-80.8505236924156
"JetportSouth","2020",42,"yes","8527","Great Egret",25.8050416865534,-80.8492092322263
"JetportSouth","2020",43,"no","","Great Blue Heron",25.8040273776454,-80.8505180803158
"JetportSouth","2020",44,"no","","Great Blue Heron",25.8040732745384,-80.850383290187
"JetportSouth","2020",45,"no","","Great Egret",25.8033643857029,-80.8504965425949
"JetportSouth","2020",46,"yes","8524","Great Egret",25.8051284878861,-80.8492046801597
"JetportSouth","2020",47,"no","","Wood Stork",25.8043797784112,-80.8503155332699
"JetportSouth","2020",48,"yes","8284","Great Egret",25.8039641965346,-80.8504194920145
"JetportSouth","2020",49,"no","","Great Egret",25.8033847596601,-80.8505108247604
"JetportSouth","2020",50,"no","","Great Egret",25.8039627799493,-80.8504191097963
"JetportSouth","2021",1,"yes","187","Great Egret",25.8044842707924,-80.8493994221466
"JetportSouth","2021",2,"yes","144","Wood Stork",25.8042408673406,-80.8495103263462
"JetportSouth","2021",3,"yes","193","Great Egret",25.8043154523929,-80.8493394904751
"JetportSouth","2021",4,"no","","Great Egret",25.8036231970861,-80.8504585192172
"JetportSouth","2021",5,"no","","White Ibis",25.8036147259945,-80.8505631688309
"JetportSouth","2021",6,"yes","60","Great Blue Heron",25.8045628607664,-80.8500477431745
"JetportSouth","2021",7,"yes","198","Great Egret",25.8042807798148,-80.8494098816914
"JetportSouth","2021",8,"no","","Great Blue Heron",25.8040191751818,-80.8504926462055
"JetportSouth","2021",9,"yes","23","Great Egret",25.803850417753,-80.8504889140184
"JetportSouth","2021",10,"no","","White Ibis",25.8036392838609,-80.8504333460545
"JetportSouth","2021",11,"yes","197","Wood Stork",25.804236912443,-80.849388169324
"JetportSouth","2021",12,"yes","80","Great Blue Heron",25.8048297076962,-80.8499652263081
"JetportSouth","2021",13,"yes","194","Great Egret",25.8042949850826,-80.8494629369569
"JetportSouth","2021",14,"no","","White Ibis",25.8036408848444,-80.8504470984157
"JetportSouth","2021",15,"yes","149","Wood Stork",25.8042376255039,-80.8494951547499
"JetportSouth","2021",16,"no","","White Ibis",25.8036444793402,-80.8504427360079
"JetportSouth","2021",17,"yes","188","Great Egret",25.8044854275701,-80.8493631621572
"JetportSouth","2021",18,"no","","White Ibis",25.8034907343313,-80.8505280183843
"JetportSouth","2021",19,"yes","185","Great Egret",25.804426688715,-80.8493841046719
"JetportSouth","2021",20,"no","","Great Egret",25.8037244981063,-80.8506664840827
"JetportSouth","2021",21,"yes","148","Wood Stork",25.8042302502342,-80.8494711700782
"JetportSouth","2021",22,"no","","Great Egret",25.8031572527994,-80.8505851351351
"JetportSouth","2021",23,"yes","73","Great Egret",25.8042392597741,-80.8500880960484
"JetportSouth","2021",24,"yes","145","Wood Stork",25.8042334801445,-80.8495127771186
"JetportSouth","2021",25,"yes","15","Great Blue Heron",25.8040187731721,-80.8504918545315
"JetportSouth","2021",26,"no","","Great Egret",25.8040029825776,-80.8505469870971
"JetportSouth","2021",27,"yes","62","Great Blue Heron",25.8044964724657,-80.8500855949817
"JetportSouth","2021",28,"no","","Great Egret",25.8038146026861,-80.8506522439442
"JetportSouth","2021",29,"yes","186","Wood Stork",25.8044736394247,-80.8493903264909
"JetportSouth","2021",30,"no","","Great Egret",25.8038492392171,-80.850488852242
"JetportSouth","2021",31,"no","","White Ibis",25.8036231100196,-80.8504336637349
"JetportSouth","2021",32,"yes","184","Great Egret",25.8045210018993,-80.8493562643117
"JetportSouth","2021",33,"no","","White Ibis",25.8036390505892,-80.8504290831323
"JetportSouth","2021",34,"yes","196","Wood Stork",25.8042444686118,-80.8493699151803
"JetportSouth","2021",35,"yes","146","Wood Stork",25.8042315379956,-80.8495009621284
"JetportSouth","2021",36,"no","","White Ibis",25.8036145251879,-80.8505557142761
"JetportSouth","2021",37,"yes","147","Wood Stork",25.804222994474,-80.8494822937433
"JetportSouth","2021",38,"yes","70","Great Blue Heron",25.8043683169301,-80.8500913492879
"JetportSouth","2021",39,"no","","White Ibis",25.8036449435431,-80.8504512917663
"JetportSouth","2021",40,"no","","White Ibis",25.8035225462628,-80.8506356571154
"JetportSouth","2021",41,"no","","Wood Stork",25.8038164555752,-80.8506769089157
"JetportSouth","2021",42,"no","","Great Egret",25.8035079775266,-80.8506332255723
"JetportSouth","2021",43,"no","","Great Egret",25.8030634744559,-80.8505784519283
"JetportSouth","2021",44,"no","","Great Egret",25.8031673257226,-80.8505933106061
"JetportSouth","2021",45,"no","","White Ibis",25.8036388564617,-80.8504419156694
"JetportSouth","2021",46,"no","","Wood Stork",25.8040157205497,-80.8505645737355
"JetportSouth","2021",47,"no","","White Ibis",25.8036087937959,-80.8504567088781
"JetportSouth","2021",48,"no","","Wood Stork",25.8029417079635,-80.8505756625309
"JetportSouth","2021",49,"yes","176","Great Egret",25.8050160678235,-80.8494597237868
"JetportSouth","2021",50,"yes","189","Great Egret",25.8044463010005,-80.849389127427
"Joule","2020",1,"no","","Great Egret",26.0116112140296,-80.6314411922368
"Joule","2020",2,"yes","7635","Great Egret",26.0124302533097,-80.6312940207368
"Joule","2020",3,"no","","Roseate Spoonbill",26.0120126594351,-80.6314478552721
"Joule","2020",4,"yes","7679","Great Egret",26.0126379735859,-80.6309269730788
"Joule","2020",5,"yes","7676","Great Egret",26.0131793245149,-80.6308756542455
"Joule","2020",6,"no","","Roseate Spoonbill",26.0129189437392,-80.6328303924708
"Joule","2020",7,"no","","Great Egret",26.0127137506618,-80.6312510958845
"Joule","2020",8,"yes","7639","Great Egret",26.0121739996321,-80.6313102186046
"Joule","2020",9,"no","","Great Egret",26.0133492564436,-80.6312325920776
"Joule","2020",10,"no","","Great Egret",26.012187127588,-80.6314552916318
"Joule","2020",11,"yes","7674","Great Egret",26.0134193650525,-80.6308978418285
"Joule","2020",12,"yes","7629","Great Egret",26.0133505960779,-80.6312303412619
"Joule","2020",13,"yes","7632","Great Egret",26.0127133044063,-80.6312498776002
"Joule","2020",14,"no","","Great Egret",26.012390907249,-80.6315245295729
"Joule","2020",15,"no","","Great Egret",26.0119730002649,-80.6313610234688
"Joule","2020",16,"no","","Great Egret",26.0118719962831,-80.6313594408561
"Joule","2020",17,"yes","7647","Great Egret",26.0128296589595,-80.6310741822889
"Joule","2020",18,"no","","Great Egret",26.0121141408542,-80.6313626935654
"Joule","2020",19,"yes","7644","Great Egret",26.0134652523504,-80.6311134028068
"Joule","2020",20,"no","","Great Egret",26.0105658419019,-80.6316822560021
"Joule","2020",21,"yes","7677","Great Egret",26.0131986615562,-80.6309456229634
"Joule","2020",22,"yes","7661","Great Egret",26.012090429386,-80.6310996341608
"Joule","2020",23,"no","","Great Egret",26.0126999534217,-80.6312233773807
"Joule","2020",24,"yes","7622","Great Egret",26.0120130318812,-80.6314485571751
"Joule","2020",25,"yes","7616","Great Egret",26.0129504457454,-80.6314908125462
"Joule","2020",26,"yes","7694","Great Egret",26.0121667577452,-80.6308652666506
"Joule","2020",27,"no","","Great Egret",26.0122073865887,-80.6316072316689
"Joule","2020",28,"no","","Great Egret",26.0129502360877,-80.6314896181393
"Joule","2020",29,"yes","7648","Great Egret",26.0127541034574,-80.6309991613136
"Joule","2020",30,"no","","Great Egret",26.0124276822028,-80.6314763152004
"Joule","2020",31,"no","","Great Egret",26.0116014363736,-80.6314570992938
"Joule","2020",32,"yes","7687","Great Egret",26.012373102693,-80.6309259146276
"Joule","2020",33,"yes","7684","Great Egret",26.0123242780023,-80.6308562840294
"Joule","2020",34,"no","","Great Egret",26.012194176226,-80.6314556293434
"Joule","2020",35,"yes","7627","Great Egret",26.0115998415128,-80.631457367536
"Joule","2020",36,"no","","Great Egret",26.0118546513911,-80.6314216308164
"Joule","2020",37,"yes","7678","Great Egret",26.0129740708145,-80.630964996526
"Joule","2020",38,"no","","Great Egret",26.0133483882997,-80.6312498906291
"Joule","2020",39,"yes","7658","Great Egret",26.0121843390533,-80.6310858121165
"Joule","2020",40,"yes","7690","Great Egret",26.0121965396616,-80.6309737677623
"Joule","2020",41,"no","","Roseate Spoonbill",26.012851739014,-80.631520330967
"Joule","2020",42,"no","","White Ibis",26.0102595031514,-80.6317496036163
"Joule","2020",43,"no","","Great Egret",26.0127318464586,-80.6327148629049
"Joule","2020",44,"no","","Great Egret",26.0118558098506,-80.6314710108202
"Joule","2020",45,"yes","7653","Great Egret",26.0123657353426,-80.6310189737067
"Joule","2020",46,"yes","7620","Great Egret",26.0121874043492,-80.631455808372
"Joule","2020",47,"yes","7645","Great Egret",26.0134103583663,-80.631089547744
"Joule","2020",48,"no","","Roseate Spoonbill",26.0105212689046,-80.6321743272013
"Joule","2020",49,"no","","Great Egret",26.0123976350344,-80.6329338014644
"Joule","2020",50,"yes","7652","Great Egret",26.0122496233698,-80.6310550170313
"Joule","2021",1,"yes","2178","Roseate Spoonbill",26.0120109228791,-80.6314508043377
"Joule","2021",2,"yes","2160","Great Egret",26.0128320751238,-80.6315937100608
"Joule","2021",3,"no","","Great Egret",26.0125304460846,-80.6316426081664
"Joule","2021",4,"no","","Great Egret",26.0126218861845,-80.6314373068728
"Joule","2021",5,"no","","Great Egret",26.0124972928923,-80.6316084426273
"Joule","2021",6,"yes","2182","Great Egret",26.012986732937,-80.6313108763308
"Joule","2021",7,"yes","2190","Great Egret",26.0116716043908,-80.6313961873183
"Joule","2021",8,"yes","2185","Great Egret",26.0121045710624,-80.6313100918881
"Joule","2021",9,"yes","2169","Great Egret",26.0130154028783,-80.6314749822921
"Joule","2021",10,"yes","2175","Great Egret",26.0121759985619,-80.6314982853858
"Joule","2021",11,"no","","Great Egret",26.0124923584319,-80.6316673814047
"Joule","2021",12,"no","","Great Egret",26.0120986278352,-80.6316404637043
"Joule","2021",13,"no","","Great Egret",26.012310699086,-80.6315940961501
"Joule","2021",14,"no","","Great Egret",26.012832663926,-80.631592432672
"Joule","2021",15,"yes","2189","Great Egret",26.0117396261279,-80.6314035579635
"Joule","2021",16,"yes","2184","Great Egret",26.0124180846159,-80.6313505542507
"Joule","2021",17,"yes","2195","Great Egret",26.0128804983541,-80.631155520414
"Joule","2021",18,"no","","Great Egret",26.0127312321662,-80.6327153661803
"Joule","2021",19,"yes","2149","Great Egret",26.0127293890543,-80.6327144632573
"Joule","2021",20,"no","","Snowy Egret",26.0130301380595,-80.6329277242866
"Joule","2021",21,"no","","Great Egret",26.0130198349113,-80.6314663940879
"Joule","2021",22,"yes","2186","Great Egret",26.0120944343389,-80.6313640588233
"Joule","2021",23,"no","","Great Egret",26.0124814246259,-80.6315542901844
"Joule","2021",24,"yes","2173","Great Egret",26.0123372499307,-80.6314626666877
"Joule","2021",25,"yes","2188","Great Egret",26.0118540220559,-80.6314167173664
"Joule","2021",26,"yes","2164","Great Egret",26.0124683021144,-80.6315652703671
"Joule","2021",27,"no","","Great Egret",26.0129052475347,-80.6314365003605
"Joule","2021",28,"yes","2172","Great Egret",26.0124670802192,-80.6315189781419
"Joule","2021",29,"no","","Great Egret",26.0121052612259,-80.6316440633345
"Joule","2021",30,"yes","2179","Great Egret",26.0118723768081,-80.6314541012554
"Joule","2021",31,"no","","Great Egret",26.0124972682239,-80.6314878014581
"Joule","2021",32,"no","","Great Egret",26.0130032314303,-80.6314946418661
"Joule","2021",33,"yes","2191","Great Egret",26.0116784756216,-80.63131786765
"Joule","2021",34,"yes","2171","Great Egret",26.0124768662706,-80.6314592342722
"Joule","2021",35,"no","","Great Egret",26.0123052278569,-80.6316201985533
"Joule","2021",36,"yes","2196","Great Egret",26.0126522112264,-80.6312729166312
"Joule","2021",37,"yes","2177","Great Egret",26.0119775989134,-80.6315558211145
"Joule","2021",38,"yes","2170","Great Egret",26.0129055143299,-80.6314385011002
"Joule","2021",39,"no","","Great Egret",26.0126081572162,-80.6315695463784
"Joule","2021",40,"yes","2161","Great Egret",26.0129425415222,-80.6315838063953
"Joule","2021",41,"no","","Great Egret",26.0129503716815,-80.6315667291062
"Joule","2021",42,"yes","2163","Great Egret",26.0126097407033,-80.6315693109475
"Joule","2021",43,"no","","Great Egret",26.0125043453626,-80.6316681765768
"Joule","2021",44,"no","","Roseate Spoonbill",26.012241196845,-80.6318272606414
"Joule","2021",45,"no","","Great Egret",26.012204123408,-80.6316836856181
"Joule","2021",46,"no","","Great Egret",26.0122967106252,-80.6316897356947
"Joule","2021",47,"no","","Great Egret",26.012090643587,-80.6316500036878
"Joule","2021",48,"no","","Great Egret",26.0133889385396,-80.6321933178047
"Joule","2021",49,"yes","2166","Great Egret",26.0122855036161,-80.631651032269
"Joule","2021",50,"no","","Great Egret",26.0125045046951,-80.6317106898476
"StartMel","2020",1,"yes","3042","Great Egret",25.9482115317694,-80.6386629205156
"StartMel","2020",2,"no","","Great Egret",25.9475525292162,-80.6386197860417
"StartMel","2020",3,"no","","Great Egret",25.9477943139979,-80.6387133365362
"StartMel","2020",4,"no","","Roseate Spoonbill",25.9478847566419,-80.6388662125165
"StartMel","2020",5,"yes","3043","Great Egret",25.9480610197673,-80.6387340556696
"StartMel","2020",6,"no","","Great Egret",25.9480621871535,-80.6387333388825
"StartMel","2020",7,"yes","3068","Great Egret",25.9480189668305,-80.6384485157994
"StartMel","2020",8,"no","","Great Egret",25.9475707765466,-80.638591749237
"StartMel","2020",9,"no","","Roseate Spoonbill",25.9487146464186,-80.638819304022
"StartMel","2020",10,"no","","Great Egret",25.9477881486777,-80.6387562681212
"StartMel","2020",11,"yes","3033","Great Egret",25.9486166554444,-80.6386077241315
"StartMel","2020",12,"yes","3051","Great Egret",25.9474251742053,-80.6386921808417
"StartMel","2020",13,"no","","Great Egret",25.9476951432421,-80.6387990855115
"StartMel","2020",14,"yes","3081","Great Egret",25.9475843674048,-80.638516806808
"StartMel","2020",15,"yes","3064","Great Egret",25.9485257342158,-80.6385795790949
"StartMel","2020",16,"yes","3069","Great Egret",25.9479797069526,-80.638560713898
"StartMel","2020",17,"yes","3067","Great Egret",25.9480457291985,-80.6385047763744
"StartMel","2020",18,"yes","3074","Great Egret",25.947710581819,-80.6384987643082
"StartMel","2020",19,"yes","3079","Great Egret",25.9475766469813,-80.638574481586
"StartMel","2020",20,"yes","3054","Great Egret",25.9475027276108,-80.6387268601086
"StartMel","2020",21,"no","","Great Egret",25.9482134484247,-80.6386612601275
"StartMel","2020",22,"yes","3078","Great Egret",25.947630580556,-80.63852915254
"StartMel","2020",23,"yes","3060","Great Egret",25.9485908600917,-80.6385551606742
"StartMel","2020",24,"yes","3052","Great Egret",25.9474236663205,-80.6386616883571
"StartMel","2020",25,"yes","3028","Great Egret",25.947694444902,-80.6387986214155
"StartMel","2020",26,"yes","3047","Great Egret",25.9477929553384,-80.6387149771903
"StartMel","2020",27,"yes","3040","Great Egret",25.9483365426572,-80.6386928317281
"StartMel","2020",28,"yes","3061","Great Egret",25.9486271956971,-80.6384533189097
"StartMel","2020",29,"no","","Great Egret",25.9483438062458,-80.6387148815048
"StartMel","2020",30,"no","","Great Egret",25.948044214073,-80.6387821246847
"StartMel","2020",31,"yes","3075","Great Egret",25.9477641151516,-80.6385707342194
"StartMel","2020",32,"no","","Roseate Spoonbill",25.9487581192286,-80.6387727789269
"StartMel","2020",33,"yes","3038","Great Egret",25.9483315891048,-80.6386098470795
"StartMel","2020",34,"yes","3046","Great Egret",25.9478011479199,-80.6387113761968
"StartMel","2020",35,"no","","Great Egret",25.948536341644,-80.6385773064345
"StartMel","2020",36,"no","","Roseate Spoonbill",25.9479358893952,-80.6388667683005
"StartMel","2020",37,"no","","Great Egret",25.9478257320151,-80.6387233581855
"StartMel","2020",38,"no","","Great Egret",25.9485257060228,-80.6385803940492
"StartMel","2020",39,"no","","Great Egret",25.9483151313735,-80.6386189584521
"StartMel","2020",40,"no","","Great Egret",25.9478838683574,-80.638671842304
"StartMel","2020",41,"no","","Great Egret",25.9482662250361,-80.638693648925
"StartMel","2020",42,"no","","Great Egret",25.9478859410669,-80.6387571685634
"StartMel","2020",43,"yes","3076","Great Egret",25.9478013377107,-80.6384725555241
"StartMel","2020",44,"yes","3059","Great Egret",25.9485937098975,-80.6385505429025
"StartMel","2020",45,"no","","Great Egret",25.9478916866248,-80.6389058065979
"StartMel","2020",46,"no","","Great Egret",25.9486158572228,-80.6386098236449
"StartMel","2020",47,"no","","Great Egret",25.9477654961665,-80.6385732938583
"StartMel","2020",48,"yes","3070","Great Egret",25.9480176407128,-80.6384751411782
"StartMel","2020",49,"no","","Roseate Spoonbill",25.9482056676441,-80.6388209151535
"StartMel","2020",50,"no","","Great Egret",25.9483325062531,-80.6386095600154
"StartMel","2021",1,"no","","Great Egret",25.9482307949013,-80.6386148926904
"StartMel","2021",2,"no","","Great Egret",25.9483507858653,-80.638588856664
"StartMel","2021",3,"no","","Great Egret",25.9482212701376,-80.6386103120787
"StartMel","2021",4,"yes","19215","Great Egret",25.9479045023,-80.6386964698559
"StartMel","2021",5,"yes","19193","Great Egret",25.9474284470499,-80.6387808104386
"StartMel","2021",6,"no","","Great Egret",25.9481311470436,-80.6386264580473
"StartMel","2021",7,"yes","19157","White Ibis",25.9487549267351,-80.6388923058853
"StartMel","2021",8,"no","","Great Egret",25.9478497190999,-80.6387810900012
"StartMel","2021",9,"yes","19201","Great Egret",25.9485899720211,-80.6386647753755
"StartMel","2021",10,"no","","Great Egret",25.9475719669011,-80.638766175459
"StartMel","2021",11,"yes","19156","White Ibis",25.9487533949671,-80.6389027663371
"StartMel","2021",12,"no","","Great Egret",25.9478175464814,-80.6386195848139
"StartMel","2021",13,"yes","19220","Great Egret",25.9478490706077,-80.638720986436
"StartMel","2021",14,"yes","19190","Great Egret",25.9475790958313,-80.6387667751894
"StartMel","2021",15,"yes","19205","Great Egret",25.9482409570029,-80.6386352349694
"StartMel","2021",16,"yes","19211","Great Egret",25.9480028097678,-80.638646823843
"StartMel","2021",17,"yes","19209","Great Egret",25.9481383241011,-80.6386807946932
"StartMel","2021",18,"yes","19207","Great Egret",25.9481946178498,-80.638655824778
"StartMel","2021",19,"yes","19203","Great Egret",25.9486553966925,-80.6386278883254
"StartMel","2021",20,"no","","Great Egret",25.9483306572553,-80.6386157326155
"StartMel","2021",21,"no","","Great Egret",25.9478572907277,-80.6386424832983
"StartMel","2021",22,"no","","Great Egret",25.9477591391198,-80.6387205927187
"StartMel","2021",23,"yes","19189","Great Egret",25.9476556196726,-80.6387940769157
"StartMel","2021",24,"yes","19149","White Ibis",25.9488740979572,-80.6389505489147
"StartMel","2021",25,"yes","19218","Great Egret",25.9477594331005,-80.6387196137869
"StartMel","2021",26,"no","","Great Egret",25.9480418258679,-80.6386762079909
"StartMel","2021",27,"no","","Great Egret",25.9479046492,-80.6386951469312
"StartMel","2021",28,"no","","Great Egret",25.9489110726357,-80.6388596688094
"StartMel","2021",29,"no","","Great Egret",25.9485555411639,-80.6385921537324
"StartMel","2021",30,"yes","19202","Great Egret",25.9486199200243,-80.63864454482
"StartMel","2021",31,"yes","19208","Great Egret",25.9482212075534,-80.6386611137342
"StartMel","2021",32,"yes","19185","Great Egret",25.9478487394702,-80.6387817274127
"StartMel","2021",33,"no","","Great Egret",25.9479163284616,-80.6387527746153
"StartMel","2021",34,"no","","Roseate Spoonbill",25.9480776669573,-80.6386657597583
"StartMel","2021",35,"yes","19212","Great Egret",25.9480419113085,-80.6386763538462
"StartMel","2021",36,"no","","Great Egret",25.9481756513628,-80.6391114155231
"StartMel","2021",37,"no","","Great Egret",25.9481570172863,-80.6386245668469
"StartMel","2021",38,"no","","Great Egret",25.9485253678858,-80.638618036823
"StartMel","2021",39,"no","","White Ibis",25.9489296415848,-80.639007744594
"StartMel","2021",40,"yes","19217","Great Egret",25.9478086945364,-80.6387156608736
"StartMel","2021",41,"yes","19213","Great Egret",25.9479298503917,-80.6387461356989
"StartMel","2021",42,"yes","19186","Great Egret",25.9477654535715,-80.638768328182
"StartMel","2021",43,"yes","19214","Great Egret",25.9479875392382,-80.6386771245241
"StartMel","2021",44,"no","","Great Egret",25.9475812530733,-80.6387660059415
"StartMel","2021",45,"yes","19219","Great Egret",25.9478577109454,-80.6386418976762
"StartMel","2021",46,"no","","Great Egret",25.9474282799437,-80.6387808243159
"StartMel","2021",47,"no","","Great Egret",25.9475761486441,-80.6387591069716
"StartMel","2021",48,"no","","White Ibis",25.9489100406463,-80.6389957162367
"StartMel","2021",49,"yes","19204","Great Egret",25.9483897898044,-80.6386546808372
"StartMel","2021",50,"no","","Great Egret",25.9486214389778,-80.6386442623166
"Vacation","2020",1,"no","","Great Egret",25.9148138437426,-80.630350902127
"Vacation","2020",2,"no","","Great Egret",25.9146321436088,-80.6304002962901
"Vacation","2020",3,"no","","Great Egret",25.9141069983553,-80.6305654477291
"Vacation","2020",4,"no","","Great Egret",25.9147609934845,-80.6303464152991
"Vacation","2020",5,"yes","11475","Great Egret",25.9140776354963,-80.6305478625432
"Vacation","2020",6,"no","","Great Egret",25.9145460062323,-80.6305484669978
"Vacation","2020",7,"no","","Great Egret",25.9141314987823,-80.6307720184913
"Vacation","2020",8,"yes","11463","Great Blue Heron",25.9151422642972,-80.6304692413507
"Vacation","2020",9,"no","","Great Egret",25.9152923572533,-80.6304727785828
"Vacation","2020",10,"yes","11476","Great Egret",25.9140364877228,-80.6304145913955
"Vacation","2020",11,"no","","Great Blue Heron",25.9155431323822,-80.6303824608217
"Vacation","2020",12,"yes","11464","Great Blue Heron",25.9151028056752,-80.6304235828174
"Vacation","2020",13,"no","","Great Egret",25.9146257347368,-80.6303721982608
"Vacation","2020",14,"no","","Roseate Spoonbill",25.9146722150642,-80.6307386648166
"Vacation","2020",15,"yes","11488","Great Egret",25.914622383979,-80.630238938883
"Vacation","2020",16,"no","","Great Blue Heron",25.9148801331955,-80.6307547242066
"Vacation","2020",17,"yes","11456","Great Egret",25.9149302840075,-80.6305889737934
"Vacation","2020",18,"yes","11467","Great Egret",25.914916996405,-80.6304799462508
"Vacation","2020",19,"yes","11472","Great Egret",25.9146531777142,-80.6303871916799
"Vacation","2020",20,"yes","11471","Great Blue Heron",25.9147109762413,-80.6305240050256
"Vacation","2020",21,"no","","Great Egret",25.9148403592765,-80.630485133282
"Vacation","2020",22,"no","","Great Egret",25.9149842901594,-80.6305131157705
"Vacation","2020",23,"yes","11457","Great Egret",25.914543936568,-80.6305510010644
"Vacation","2020",24,"no","","Great Egret",25.9149783612944,-80.6304938827667
"Vacation","2020",25,"yes","11490","Great Egret",25.9146067422198,-80.630226613354
"Vacation","2020",26,"yes","11482","Great Egret",25.9151853407005,-80.6302316554911
"Vacation","2020",27,"yes","11480","Great Blue Heron",25.9154543540924,-80.6303150347821
"Vacation","2020",28,"no","","Great Egret",25.9147293150108,-80.6303531364899
"Vacation","2020",29,"no","","Great Egret",25.9148241498087,-80.630344750391
"Vacation","2020",30,"no","","Great Egret",25.9145366550559,-80.6305281981521
"Vacation","2020",31,"no","","Great Egret",25.9141773030292,-80.6307297068831
"Vacation","2020",32,"no","","Wood Stork",25.9147653067335,-80.6303631584675
"Vacation","2020",33,"yes","11461","Great Egret",25.9152476604281,-80.6304667819196
"Vacation","2020",34,"yes","11477","Great Egret",25.9137294791836,-80.6305008052662
"Vacation","2020",35,"no","","Great Egret",25.9141421608517,-80.6307103562807
"Vacation","2020",36,"no","","Great Blue Heron",25.9147124655509,-80.6305226002756
"Vacation","2020",37,"yes","11460","Great Blue Heron",25.9155419869614,-80.6303837949809
"Vacation","2020",38,"yes","11465","Great Egret",25.9151311932969,-80.630470547969
"Vacation","2020",39,"no","","Great Egret",25.9146278034883,-80.6304032163737
"Vacation","2020",40,"yes","11470","Great Egret",25.9146321643717,-80.6303949467501
"Vacation","2020",41,"no","","Great Blue Heron",25.9151428090592,-80.6304691672292
"Vacation","2020",42,"yes","11469","Great Blue Heron",25.9147135817889,-80.6304075161808
"Vacation","2020",43,"yes","11485","Great Egret",25.9148103795818,-80.6303519460501
"Vacation","2020",44,"no","","Great Egret",25.9150033830786,-80.6306768962386
"Vacation","2020",45,"yes","11491","Great Egret",25.914328159555,-80.6303051784576
"Vacation","2020",46,"yes","11474","Great Egret",25.9143859616928,-80.6304664614301
"Vacation","2020",47,"yes","11453","Great Blue Heron",25.9148642932509,-80.6307473534569
"Vacation","2020",48,"no","","Great Blue Heron",25.9149315081313,-80.6305903097297
"Vacation","2020",49,"yes","11455","Great Blue Heron",25.9149705249338,-80.6306238874311
"Vacation","2020",50,"yes","11489","Great Egret",25.9147578972242,-80.6303481017324
"Vacation","2021",1,"no","","Great Egret",25.9154938642417,-80.6310160691658
"Vacation","2021",2,"no","","Great Egret",25.9142533765922,-80.6307533734641
"Vacation","2021",3,"no","","Great Egret",25.9149081258385,-80.6307205089879
"Vacation","2021",4,"yes","11113","Great Egret",25.913813269408,-80.6305489539433
"Vacation","2021",5,"no","","Great Egret",25.9151118537292,-80.63117506554
"Vacation","2021",6,"no","","Great Egret",25.9157096349445,-80.6307619601637
"Vacation","2021",7,"yes","11124","Great Egret",25.9153604190401,-80.630435638922
"Vacation","2021",8,"no","","White Ibis",25.9158981182561,-80.6305194588329
"Vacation","2021",9,"no","","Great Blue Heron",25.9137578987096,-80.6308341832676
"Vacation","2021",10,"no","","Great Egret",25.9151556363482,-80.6309151529422
"Vacation","2021",11,"yes","11081","Great Egret",25.9143572442189,-80.630701309187
"Vacation","2021",12,"yes","11089","Great Egret",25.9152489357675,-80.6304689227608
"Vacation","2021",13,"no","","White Ibis",25.915777437505,-80.6306763779888
"Vacation","2021",14,"yes","11090","Great Egret",25.9151961348193,-80.6305518639719
"Vacation","2021",15,"yes","11093","Great Egret",25.9149102995384,-80.6305812003844
"Vacation","2021",16,"yes","11096","Great Egret",25.914533964881,-80.6305400828435
"Vacation","2021",17,"yes","11085","Great Egret",25.9157429455061,-80.6304886170774
"Vacation","2021",18,"no","","Great Egret",25.9157845428662,-80.630526954355
"Vacation","2021",19,"yes","11106","Great Egret",25.9141029461742,-80.6305329296426
"Vacation","2021",20,"no","","Snowy Egret",25.913691650807,-80.6308453380781
"Vacation","2021",21,"yes","11104","Great Blue Heron",25.9141918416547,-80.6305504081937
"Vacation","2021",22,"no","","Great Egret",25.9158404965825,-80.6306260314683
"Vacation","2021",23,"yes","11122","Great Egret",25.9152666693507,-80.6303500921881
"Vacation","2021",24,"yes","11080","Great Blue Heron",25.9149234044245,-80.6306840653477
"Vacation","2021",25,"no","","White Ibis",25.9153558622864,-80.6309153177562
"Vacation","2021",26,"no","","Great Egret",25.9149741597216,-80.6310795544626
"Vacation","2021",27,"yes","11075","Wood Stork",25.9135942719885,-80.6308849504854
"Vacation","2021",28,"yes","11091","Great Egret",25.9152396078249,-80.6305081339195
"Vacation","2021",29,"no","","White Ibis",25.9152781172955,-80.6308625252774
"Vacation","2021",30,"no","","Snowy Egret",25.9156610213774,-80.6308075695202
"Vacation","2021",31,"no","","Roseate Spoonbill",25.91374555529,-80.6307931013041
"Vacation","2021",32,"yes","11107","Great Egret",25.914078945061,-80.6304751422664
"Vacation","2021",33,"no","","Great Blue Heron",25.9150563481782,-80.6306687005389
"Vacation","2021",34,"yes","11097","Great Egret",25.9143979995369,-80.6304666779021
"Vacation","2021",35,"yes","11086","White Ibis",25.9157409354994,-80.6304857403966
"Vacation","2021",36,"yes","11105","Great Egret",25.9141045044454,-80.630548499553
"Vacation","2021",37,"yes","11108","Great Egret",25.9140628633601,-80.6305070634501
"Vacation","2021",38,"no","","Great Blue Heron",25.9135941911778,-80.6308853353865
"Vacation","2021",39,"yes","11098","Great Egret",25.9143701350423,-80.6304977171767
"Vacation","2021",40,"yes","11087","White Ibis",25.915736631615,-80.6305162586909
"Vacation","2021",41,"no","","Great Egret",25.9157188524955,-80.63085907656
"Vacation","2021",42,"yes","11115","Great Egret",25.9138703960926,-80.6305822683802
"Vacation","2021",43,"yes","11114","Great Egret",25.9138160478732,-80.6305477579368
"Vacation","2021",44,"no","","White Ibis",25.9153660979925,-80.6308787007278
"Vacation","2021",45,"yes","11088","Great Blue Heron",25.9154958466372,-80.6304626646544
"Vacation","2021",46,"no","","Snowy Egret",25.9137423780519,-80.6308921550763
"Vacation","2021",47,"yes","11072","Great Blue Heron",25.9144166095654,-80.6310152210453
"Vacation","2021",48,"no","","Great Egret",25.9147632503226,-80.6311199080196
"Vacation","2021",49,"no","","White Ibis",25.9158848956688,-80.6305236814692
"Vacation","2021",50,"no","","White Ibis",25.9135102839878,-80.6308361140041
